T;Tw
11.12.2009 00:00;3,2
11.12.2009 00:05;3,15
11.12.2009 00:10;3,15
11.12.2009 00:15;3,15
11.12.2009 00:20;3,15
11.12.2009 00:25;3,15
11.12.2009 00:30;3,15
11.12.2009 00:35;3,15
11.12.2009 00:40;3,15
11.12.2009 00:45;3,15
11.12.2009 00:50;3,15
11.12.2009 00:55;3,15
11.12.2009 01:00;3,15
11.12.2009 01:05;3,05
11.12.2009 01:10;3,15
11.12.2009 01:15;3,15
11.12.2009 01:20;3,05
11.12.2009 01:25;3,05
11.12.2009 01:30;3,05
11.12.2009 01:35;3,15
11.12.2009 01:40;3,05
11.12.2009 01:45;3,05
11.12.2009 01:50;3,05
11.12.2009 01:55;3,05
11.12.2009 02:00;3,05
11.12.2009 02:05;3,05
11.12.2009 02:10;3,05
11.12.2009 02:15;3,05
11.12.2009 02:20;3,05
11.12.2009 02:25;3,05
11.12.2009 02:30;3,05
11.12.2009 02:35;3,05
11.12.2009 02:40;3,05
11.12.2009 02:45;3,05
11.12.2009 02:50;3,05
11.12.2009 02:55;3
11.12.2009 03:00;3
11.12.2009 03:05;3
11.12.2009 03:10;3
11.12.2009 03:15;3
11.12.2009 03:20;3
11.12.2009 03:25;2,9
11.12.2009 03:30;2,9
11.12.2009 03:35;2,9
11.12.2009 03:40;2,8
11.12.2009 03:45;2,8
11.12.2009 03:50;2,8
11.12.2009 03:55;2,8
11.12.2009 04:00;2,8
11.12.2009 04:05;2,8
11.12.2009 04:10;2,8
11.12.2009 04:15;2,8
11.12.2009 04:20;2,8
11.12.2009 04:25;2,75
11.12.2009 04:30;2,75
11.12.2009 04:35;2,75
11.12.2009 04:40;2,75
11.12.2009 04:45;2,75
11.12.2009 04:50;2,75
11.12.2009 04:55;2,75
11.12.2009 05:00;2,75
11.12.2009 05:05;2,75
11.12.2009 05:10;2,75
11.12.2009 05:15;2,75
11.12.2009 05:20;2,75
11.12.2009 05:25;2,75
11.12.2009 05:30;2,75
11.12.2009 05:35;2,75
11.12.2009 05:40;2,65
11.12.2009 05:45;2,65
11.12.2009 05:50;2,75
11.12.2009 05:55;2,65
11.12.2009 06:00;2,65
11.12.2009 06:05;2,65
11.12.2009 06:10;2,65
11.12.2009 06:15;2,65
11.12.2009 06:20;2,75
11.12.2009 06:25;2,75
11.12.2009 06:30;2,75
11.12.2009 06:35;2,65
11.12.2009 06:40;2,75
11.12.2009 06:45;2,75
11.12.2009 06:50;2,65
11.12.2009 06:55;2,65
11.12.2009 07:00;2,65
11.12.2009 07:05;2,65
11.12.2009 07:10;2,65
11.12.2009 07:15;2,65
11.12.2009 07:20;2,65
11.12.2009 07:25;2,65
11.12.2009 07:30;2,6
11.12.2009 07:35;2,6
11.12.2009 07:40;2,6
11.12.2009 07:45;2,6
11.12.2009 07:50;2,5
11.12.2009 07:55;2,6
11.12.2009 08:00;2,6
11.12.2009 08:05;2,6
11.12.2009 08:10;2,5
11.12.2009 08:15;2,5
11.12.2009 08:20;2,5
11.12.2009 08:25;2,5
11.12.2009 08:30;2,5
11.12.2009 08:35;2,5
11.12.2009 08:40;2,5
11.12.2009 08:45;2,5
11.12.2009 08:50;2,5
11.12.2009 08:55;2,5
11.12.2009 09:00;2,5
11.12.2009 09:05;2,5
11.12.2009 09:10;2,5
11.12.2009 09:15;2,5
11.12.2009 09:20;2,5
11.12.2009 09:25;2,5
11.12.2009 09:30;2,5
11.12.2009 09:35;2,5
11.12.2009 09:40;2,6
11.12.2009 09:45;2,6
11.12.2009 09:50;2,6
11.12.2009 09:55;2,6
11.12.2009 10:00;2,6
11.12.2009 10:05;2,6
11.12.2009 10:10;2,6
11.12.2009 10:15;2,6
11.12.2009 10:20;2,65
11.12.2009 10:25;2,65
11.12.2009 10:30;2,65
11.12.2009 10:35;2,65
11.12.2009 10:40;2,65
11.12.2009 10:45;2,65
11.12.2009 10:50;2,65
11.12.2009 10:55;2,65
11.12.2009 11:00;2,65
11.12.2009 11:05;2,65
11.12.2009 11:10;2,65
11.12.2009 11:15;2,75
11.12.2009 11:20;2,65
11.12.2009 11:25;2,75
11.12.2009 11:30;2,75
11.12.2009 11:35;2,75
11.12.2009 11:40;2,75
11.12.2009 11:45;2,75
11.12.2009 11:50;2,8
11.12.2009 11:55;2,8
11.12.2009 12:00;2,8
11.12.2009 12:05;2,8
11.12.2009 12:10;2,9
11.12.2009 12:15;2,8
11.12.2009 12:20;2,9
11.12.2009 12:25;2,9
11.12.2009 12:30;2,9
11.12.2009 12:35;3
11.12.2009 12:40;3
11.12.2009 12:45;3
11.12.2009 12:50;3
11.12.2009 12:55;3
11.12.2009 13:00;3
11.12.2009 13:05;3,05
11.12.2009 13:10;3,05
11.12.2009 13:15;3,05
11.12.2009 13:20;3,05
11.12.2009 13:25;3,05
11.12.2009 13:30;3,05
11.12.2009 13:35;3,05
11.12.2009 13:40;3
11.12.2009 13:45;3,05
11.12.2009 13:50;3
11.12.2009 13:55;3
11.12.2009 14:00;3
11.12.2009 14:05;3
11.12.2009 14:10;3
11.12.2009 14:15;3
11.12.2009 14:20;3
11.12.2009 14:25;3,05
11.12.2009 14:30;3
11.12.2009 14:35;3,05
11.12.2009 14:40;3,05
11.12.2009 14:45;3,05
11.12.2009 14:50;3
11.12.2009 14:55;3
11.12.2009 15:00;3
11.12.2009 15:05;3
11.12.2009 15:10;3
11.12.2009 15:15;3
11.12.2009 15:20;3
11.12.2009 15:25;3
11.12.2009 15:30;3
11.12.2009 15:35;3
11.12.2009 15:40;3
11.12.2009 15:45;3
11.12.2009 15:50;2,9
11.12.2009 15:55;3
11.12.2009 16:00;2,9
11.12.2009 16:05;2,9
11.12.2009 16:10;2,8
11.12.2009 16:15;2,8
11.12.2009 16:20;2,8
11.12.2009 16:25;2,8
11.12.2009 16:30;2,75
11.12.2009 16:35;2,75
11.12.2009 16:40;2,65
11.12.2009 16:45;2,75
11.12.2009 16:50;2,65
11.12.2009 16:55;2,65
11.12.2009 17:00;2,65
11.12.2009 17:05;2,65
11.12.2009 17:10;2,6
11.12.2009 17:15;2,6
11.12.2009 17:20;2,6
11.12.2009 17:25;2,6
11.12.2009 17:30;2,5
11.12.2009 17:35;2,5
11.12.2009 17:40;2,5
11.12.2009 17:45;2,5
11.12.2009 17:50;2,4
11.12.2009 17:55;2,4
11.12.2009 18:00;2,35
11.12.2009 18:05;2,35
11.12.2009 18:10;2,35
11.12.2009 18:15;2,35
11.12.2009 18:20;2,35
11.12.2009 18:25;2,35
11.12.2009 18:30;2,35
11.12.2009 18:35;2,35
11.12.2009 18:40;2,35
11.12.2009 18:45;2,25
11.12.2009 18:50;2,25
11.12.2009 18:55;2,25
11.12.2009 19:00;2,25
11.12.2009 19:05;2,15
11.12.2009 19:10;2,25
11.12.2009 19:15;2,15
11.12.2009 19:20;2,15
11.12.2009 19:25;2,15
11.12.2009 19:30;2,15
11.12.2009 19:35;2,1
11.12.2009 19:40;2,1
11.12.2009 19:45;2,1
11.12.2009 19:50;2,1
11.12.2009 19:55;2,1
11.12.2009 20:00;2,1
11.12.2009 20:05;2,1
11.12.2009 20:10;2,1
11.12.2009 20:15;2,1
11.12.2009 20:20;2,1
11.12.2009 20:25;2,1
11.12.2009 20:30;2
11.12.2009 20:35;2
11.12.2009 20:40;2
11.12.2009 20:45;2
11.12.2009 20:50;2
11.12.2009 20:55;2
11.12.2009 21:00;2
11.12.2009 21:05;1,95
11.12.2009 21:10;1,95
11.12.2009 21:15;1,95
11.12.2009 21:20;1,85
11.12.2009 21:25;1,85
11.12.2009 21:30;1,85
11.12.2009 21:35;1,85
11.12.2009 21:40;1,75
11.12.2009 21:45;1,75
11.12.2009 21:50;1,75
11.12.2009 21:55;1,75
11.12.2009 22:00;1,7
11.12.2009 22:05;1,7
11.12.2009 22:10;1,7
11.12.2009 22:15;1,7
11.12.2009 22:20;1,7
11.12.2009 22:25;1,7
11.12.2009 22:30;1,7
11.12.2009 22:35;1,7
11.12.2009 22:40;1,7
11.12.2009 22:45;1,7
11.12.2009 22:50;1,6
11.12.2009 22:55;1,6
11.12.2009 23:00;1,6
11.12.2009 23:05;1,6
11.12.2009 23:10;1,6
11.12.2009 23:15;1,55
11.12.2009 23:20;1,55
11.12.2009 23:25;1,55
11.12.2009 23:30;1,55
11.12.2009 23:35;1,55
11.12.2009 23:40;1,55
11.12.2009 23:45;1,55
11.12.2009 23:50;1,55
11.12.2009 23:55;1,45
12.12.2009 00:00;1,45
12.12.2009 00:05;1,45
12.12.2009 00:10;1,45
12.12.2009 00:15;1,45
12.12.2009 00:20;1,45
12.12.2009 00:25;1,35
12.12.2009 00:30;1,35
12.12.2009 00:35;1,35
12.12.2009 00:40;1,35
12.12.2009 00:45;1,35
12.12.2009 00:50;1,35
12.12.2009 00:55;1,35
12.12.2009 01:00;1,3
12.12.2009 01:05;1,3
12.12.2009 01:10;1,3
12.12.2009 01:15;1,2
12.12.2009 01:20;1,2
12.12.2009 01:25;1,2
12.12.2009 01:30;1,2
12.12.2009 01:35;1,15
12.12.2009 01:40;1,2
12.12.2009 01:45;1,15
12.12.2009 01:50;1,15
12.12.2009 01:55;1,15
12.12.2009 02:00;1,15
12.12.2009 02:05;1,15
12.12.2009 02:10;1,15
12.12.2009 02:15;1,15
12.12.2009 02:20;1,05
12.12.2009 02:25;1,15
12.12.2009 02:30;1,15
12.12.2009 02:35;1,15
12.12.2009 02:40;1,05
12.12.2009 02:45;1,05
12.12.2009 02:50;1,05
12.12.2009 02:55;1,05
12.12.2009 03:00;1,05
12.12.2009 03:05;1,05
12.12.2009 03:10;1,05
12.12.2009 03:15;1,05
12.12.2009 03:20;0,95
12.12.2009 03:25;0,95
12.12.2009 03:30;0,95
12.12.2009 03:35;0,95
12.12.2009 03:40;0,95
12.12.2009 03:45;0,95
12.12.2009 03:50;0,95
12.12.2009 03:55;0,95
12.12.2009 04:00;0,95
12.12.2009 04:05;0,95
12.12.2009 04:10;0,95
12.12.2009 04:15;0,95
12.12.2009 04:20;0,95
12.12.2009 04:25;0,95
12.12.2009 04:30;0,95
12.12.2009 04:35;0,9
12.12.2009 04:40;0,9
12.12.2009 04:45;0,9
12.12.2009 04:50;0,9
12.12.2009 04:55;0,9
12.12.2009 05:00;0,9
12.12.2009 05:05;0,9
12.12.2009 05:10;0,9
12.12.2009 05:15;0,9
12.12.2009 05:20;0,9
12.12.2009 05:25;0,8
12.12.2009 05:30;0,8
12.12.2009 05:35;0,8
12.12.2009 05:40;0,8
12.12.2009 05:45;0,8
12.12.2009 05:50;0,8
12.12.2009 05:55;0,8
12.12.2009 06:00;0,8
12.12.2009 06:05;0,8
12.12.2009 06:10;0,8
12.12.2009 06:15;0,7
12.12.2009 06:20;0,7
12.12.2009 06:25;0,7
12.12.2009 06:30;0,7
12.12.2009 06:35;0,7
12.12.2009 06:40;0,65
12.12.2009 06:45;0,65
12.12.2009 06:50;0,55
12.12.2009 06:55;0,55
12.12.2009 07:00;0,55
12.12.2009 07:05;0,55
12.12.2009 07:10;0,5
12.12.2009 07:15;0,5
12.12.2009 07:20;0,5
12.12.2009 07:25;0,4
12.12.2009 07:30;0,3
12.12.2009 07:35;0,3
12.12.2009 07:40;0,3
12.12.2009 07:45;0,3
12.12.2009 07:50;0,25
12.12.2009 07:55;0,25
12.12.2009 08:00;0,25
12.12.2009 08:05;0,25
12.12.2009 08:10;0,15
12.12.2009 08:15;0,15
12.12.2009 08:20;0,15
12.12.2009 08:25;0,15
12.12.2009 08:30;0,15
12.12.2009 08:35;0,15
12.12.2009 08:40;0,15
12.12.2009 08:45;0,15
12.12.2009 08:50;0,15
12.12.2009 08:55;0,15
12.12.2009 09:00;0,15
12.12.2009 09:05;0,15
12.12.2009 09:10;0,15
12.12.2009 09:15;0,15
12.12.2009 09:20;0,15
12.12.2009 09:25;0,1
12.12.2009 09:30;0,1
12.12.2009 09:35;0,1
12.12.2009 09:40;0,1
12.12.2009 09:45;0,15
12.12.2009 09:50;0,15
12.12.2009 09:55;0,15
12.12.2009 10:00;0,15
12.12.2009 10:05;0,1
12.12.2009 10:10;0,1
12.12.2009 10:15;0,1
12.12.2009 10:20;0,1
12.12.2009 10:25;0,1
12.12.2009 10:30;0,1
12.12.2009 10:35;0,1
12.12.2009 10:40;0,1
12.12.2009 10:45;0
12.12.2009 10:50;0
12.12.2009 10:55;-0,1
12.12.2009 11:00;-0,1
12.12.2009 11:05;-0,1
12.12.2009 11:10;-0,1
12.12.2009 11:15;-0,1
12.12.2009 11:20;-0,15
12.12.2009 11:25;-0,15
12.12.2009 11:30;-0,15
12.12.2009 11:35;-0,15
12.12.2009 11:40;-0,15
12.12.2009 11:45;-0,15
12.12.2009 11:50;-0,15
12.12.2009 11:55;-0,25
12.12.2009 12:00;-0,25
12.12.2009 12:05;-0,25
12.12.2009 12:10;-0,3
12.12.2009 12:15;-0,3
12.12.2009 12:20;-0,3
12.12.2009 12:25;-0,4
12.12.2009 12:30;-0,4
12.12.2009 12:35;-0,4
12.12.2009 12:40;-0,4
12.12.2009 12:45;-0,4
12.12.2009 12:50;-0,5
12.12.2009 12:55;-0,5
12.12.2009 13:00;-0,5
12.12.2009 13:05;-0,5
12.12.2009 13:10;-0,5
12.12.2009 13:15;-0,5
12.12.2009 13:20;-0,5
12.12.2009 13:25;-0,5
12.12.2009 13:30;-0,55
12.12.2009 13:35;-0,55
12.12.2009 13:40;-0,55
12.12.2009 13:45;-0,65
12.12.2009 13:50;-0,55
12.12.2009 13:55;-0,55
12.12.2009 14:00;-0,65
12.12.2009 14:05;-0,65
12.12.2009 14:10;-0,55
12.12.2009 14:15;-0,65
12.12.2009 14:20;-0,65
12.12.2009 14:25;-0,65
12.12.2009 14:30;-0,65
12.12.2009 14:35;-0,7
12.12.2009 14:40;-0,65
12.12.2009 14:45;-0,65
12.12.2009 14:50;-0,65
12.12.2009 14:55;-0,65
12.12.2009 15:00;-0,7
12.12.2009 15:05;-0,7
12.12.2009 15:10;-0,7
12.12.2009 15:15;-0,7
12.12.2009 15:20;-0,8
12.12.2009 15:25;-0,8
12.12.2009 15:30;-0,8
12.12.2009 15:35;-0,8
12.12.2009 15:40;-0,8
12.12.2009 15:45;-0,9
12.12.2009 15:50;-0,9
12.12.2009 15:55;-0,9
12.12.2009 16:00;-0,9
12.12.2009 16:05;-0,9
12.12.2009 16:10;-0,9
12.12.2009 16:15;-0,9
12.12.2009 16:20;-0,95
12.12.2009 16:25;-0,95
12.12.2009 16:30;-1,05
12.12.2009 16:35;-1,05
12.12.2009 16:40;-1,05
12.12.2009 16:45;-1,05
12.12.2009 16:50;-1,05
12.12.2009 16:55;-1,05
12.12.2009 17:00;-1,05
12.12.2009 17:05;-1,05
12.12.2009 17:10;-1,05
12.12.2009 17:15;-0,95
12.12.2009 17:20;-0,9
12.12.2009 17:25;-0,8
12.12.2009 17:30;-0,9
12.12.2009 17:35;-0,9
12.12.2009 17:40;-0,8
12.12.2009 17:45;-0,8
12.12.2009 17:50;-0,8
12.12.2009 17:55;-0,8
12.12.2009 18:00;-0,8
12.12.2009 18:05;-0,8
12.12.2009 18:10;-0,8
12.12.2009 18:15;-0,8
12.12.2009 18:20;-0,8
12.12.2009 18:25;-0,8
12.12.2009 18:30;-0,8
12.12.2009 18:35;-0,8
12.12.2009 18:40;-0,8
12.12.2009 18:45;-0,8
12.12.2009 18:50;-0,8
12.12.2009 18:55;-0,8
12.12.2009 19:00;-0,8
12.12.2009 19:05;-0,8
12.12.2009 19:10;-0,8
12.12.2009 19:15;-0,8
12.12.2009 19:20;-0,8
12.12.2009 19:25;-0,8
12.12.2009 19:30;-0,8
12.12.2009 19:35;-0,8
12.12.2009 19:40;-0,8
12.12.2009 19:45;-0,8
12.12.2009 19:50;-0,8
12.12.2009 19:55;-0,8
12.12.2009 20:00;-0,8
12.12.2009 20:05;-0,8
12.12.2009 20:10;-0,8
12.12.2009 20:15;-0,8
12.12.2009 20:20;-0,8
12.12.2009 20:25;-0,8
12.12.2009 20:30;-0,8
12.12.2009 20:35;-0,8
12.12.2009 20:40;-0,8
12.12.2009 20:45;-0,8
12.12.2009 20:50;-0,8
12.12.2009 20:55;-0,8
12.12.2009 21:00;-0,8
12.12.2009 21:05;-0,8
12.12.2009 21:10;-0,8
12.12.2009 21:15;-0,8
12.12.2009 21:20;-0,8
12.12.2009 21:25;-0,8
12.12.2009 21:30;-0,8
12.12.2009 21:35;-0,8
12.12.2009 21:40;-0,8
12.12.2009 21:45;-0,8
12.12.2009 21:50;-0,8
12.12.2009 21:55;-0,8
12.12.2009 22:00;-0,8
12.12.2009 22:05;-0,8
12.12.2009 22:10;-0,8
12.12.2009 22:15;-0,8
12.12.2009 22:20;-0,8
12.12.2009 22:25;-0,8
12.12.2009 22:30;-0,8
12.12.2009 22:35;-0,8
12.12.2009 22:40;-0,8
12.12.2009 22:45;-0,8
12.12.2009 22:50;-0,8
12.12.2009 22:55;-0,8
12.12.2009 23:00;-0,8
12.12.2009 23:05;-0,8
12.12.2009 23:10;-0,8
12.12.2009 23:15;-0,8
12.12.2009 23:20;-0,8
12.12.2009 23:25;-0,8
12.12.2009 23:30;-0,8
12.12.2009 23:35;-0,8
12.12.2009 23:40;-0,8
12.12.2009 23:45;-0,8
12.12.2009 23:50;-0,8
12.12.2009 23:55;-0,8
13.12.2009 00:00;-0,8
13.12.2009 00:05;-0,8
13.12.2009 00:10;-0,8
13.12.2009 00:15;-0,8
13.12.2009 00:20;-0,8
13.12.2009 00:25;-0,8
13.12.2009 00:30;-0,8
13.12.2009 00:35;-0,8
13.12.2009 00:40;-0,8
13.12.2009 00:45;-0,8
13.12.2009 00:50;-0,8
13.12.2009 00:55;-0,8
13.12.2009 01:00;-0,8
13.12.2009 01:05;-0,8
13.12.2009 01:10;-0,8
13.12.2009 01:15;-0,8
13.12.2009 01:20;-0,8
13.12.2009 01:25;-0,8
13.12.2009 01:30;-0,8
13.12.2009 01:35;-0,9
13.12.2009 01:40;-0,8
13.12.2009 01:45;-0,9
13.12.2009 01:50;-0,9
13.12.2009 01:55;-0,8
13.12.2009 02:00;-0,8
13.12.2009 02:05;-0,8
13.12.2009 02:10;-0,9
13.12.2009 02:15;-0,8
13.12.2009 02:20;-0,9
13.12.2009 02:25;-0,9
13.12.2009 02:30;-0,9
13.12.2009 02:35;-0,9
13.12.2009 02:40;-0,9
13.12.2009 02:45;-0,9
13.12.2009 02:50;-0,9
13.12.2009 02:55;-0,9
13.12.2009 03:00;-0,9
13.12.2009 03:05;-0,9
13.12.2009 03:10;-0,9
13.12.2009 03:15;-0,9
13.12.2009 03:20;-0,9
13.12.2009 03:25;-0,9
13.12.2009 03:30;-0,9
13.12.2009 03:35;-0,9
13.12.2009 03:40;-0,9
13.12.2009 03:45;-0,9
13.12.2009 03:50;-0,9
13.12.2009 03:55;-0,9
13.12.2009 04:00;-0,9
13.12.2009 04:05;-0,9
13.12.2009 04:10;-0,9
13.12.2009 04:15;-0,9
13.12.2009 04:20;-0,95
13.12.2009 04:25;-0,9
13.12.2009 04:30;-0,9
13.12.2009 04:35;-0,9
13.12.2009 04:40;-0,95
13.12.2009 04:45;-0,9
13.12.2009 04:50;-0,9
13.12.2009 04:55;-0,95
13.12.2009 05:00;-0,9
13.12.2009 05:05;-0,95
13.12.2009 05:10;-0,9
13.12.2009 05:15;-0,95
13.12.2009 05:20;-0,95
13.12.2009 05:25;-0,95
13.12.2009 05:30;-0,95
13.12.2009 05:35;-0,95
13.12.2009 05:40;-0,95
13.12.2009 05:45;-0,95
13.12.2009 05:50;-0,95
13.12.2009 05:55;-0,95
13.12.2009 06:00;-0,95
13.12.2009 06:05;-0,95
13.12.2009 06:10;-0,95
13.12.2009 06:15;-0,95
13.12.2009 06:20;-0,95
13.12.2009 06:25;-0,95
13.12.2009 06:30;-0,95
13.12.2009 06:35;-0,95
13.12.2009 06:40;-0,95
13.12.2009 06:45;-0,95
13.12.2009 06:50;-0,95
13.12.2009 06:55;-0,95
13.12.2009 07:00;-1,05
13.12.2009 07:05;-0,95
13.12.2009 07:10;-0,95
13.12.2009 07:15;-1,05
13.12.2009 07:20;-0,95
13.12.2009 07:25;-1,05
13.12.2009 07:30;-1,05
13.12.2009 07:35;-1,05
13.12.2009 07:40;-1,05
13.12.2009 07:45;-1,05
13.12.2009 07:50;-1,05
13.12.2009 07:55;-1,05
13.12.2009 08:00;-1,05
13.12.2009 08:05;-1,05
13.12.2009 08:10;-1,05
13.12.2009 08:15;-1,05
13.12.2009 08:20;-1,05
13.12.2009 08:25;-1,05
13.12.2009 08:30;-1,05
13.12.2009 08:35;-1,05
13.12.2009 08:40;-1,05
13.12.2009 08:45;-1,05
13.12.2009 08:50;-1,05
13.12.2009 08:55;-1,05
13.12.2009 09:00;-1,05
13.12.2009 09:05;-1,05
13.12.2009 09:10;-1,05
13.12.2009 09:15;-1,05
13.12.2009 09:20;-1,05
13.12.2009 09:25;-1,05
13.12.2009 09:30;-1,05
13.12.2009 09:35;-1,05
13.12.2009 09:40;-1,05
13.12.2009 09:45;-1,05
13.12.2009 09:50;-1,05
13.12.2009 09:55;-1,05
13.12.2009 10:00;-1,05
13.12.2009 10:05;-1,05
13.12.2009 10:10;-1,05
13.12.2009 10:15;-1,05
13.12.2009 10:20;-1,05
13.12.2009 10:25;-1,05
13.12.2009 10:30;-1,05
13.12.2009 10:35;-1,05
13.12.2009 10:40;-1,05
13.12.2009 10:45;-1,05
13.12.2009 10:50;-1,05
13.12.2009 10:55;-1,05
13.12.2009 11:00;-1,05
13.12.2009 11:05;-1,05
13.12.2009 11:10;-1,05
13.12.2009 11:15;-1,05
13.12.2009 11:20;-1,05
13.12.2009 11:25;-1,05
13.12.2009 11:30;-1,05
13.12.2009 11:35;-1,05
13.12.2009 11:40;-1,05
13.12.2009 11:45;-1,05
13.12.2009 11:50;-1,05
13.12.2009 11:55;-1,05
13.12.2009 12:00;-1,05
13.12.2009 12:05;-1,05
13.12.2009 12:10;-0,95
13.12.2009 12:15;-0,95
13.12.2009 12:20;-0,95
13.12.2009 12:25;-0,95
13.12.2009 12:30;-0,95
13.12.2009 12:35;-0,95
13.12.2009 12:40;-0,95
13.12.2009 12:45;-0,95
13.12.2009 12:50;-0,95
13.12.2009 12:55;-0,9
13.12.2009 13:00;-0,9
13.12.2009 13:05;-0,9
13.12.2009 13:10;-0,95
13.12.2009 13:15;-0,9
13.12.2009 13:20;-0,95
13.12.2009 13:25;-0,95
13.12.2009 13:30;-0,95
13.12.2009 13:35;-0,95
13.12.2009 13:40;-0,95
13.12.2009 13:45;-0,95
13.12.2009 13:50;-0,95
13.12.2009 13:55;-0,95
13.12.2009 14:00;-1,05
13.12.2009 14:05;-0,95
13.12.2009 14:10;-0,95
13.12.2009 14:15;-0,9
13.12.2009 14:20;-0,9
13.12.2009 14:25;-0,9
13.12.2009 14:30;-0,9
13.12.2009 14:35;-0,9
13.12.2009 14:40;-0,9
13.12.2009 14:45;-0,9
13.12.2009 14:50;-0,8
13.12.2009 14:55;-0,8
13.12.2009 15:00;-0,8
13.12.2009 15:05;-0,8
13.12.2009 15:10;-0,8
13.12.2009 15:15;-0,8
13.12.2009 15:20;-0,7
13.12.2009 15:25;-0,8
13.12.2009 15:30;-0,7
13.12.2009 15:35;-0,7
13.12.2009 15:40;-0,7
13.12.2009 15:45;-0,7
13.12.2009 15:50;-0,8
13.12.2009 15:55;-0,8
13.12.2009 16:00;-0,8
13.12.2009 16:05;-0,8
13.12.2009 16:10;-0,8
13.12.2009 16:15;-0,8
13.12.2009 16:20;-0,9
13.12.2009 16:25;-0,9
13.12.2009 16:30;-0,9
13.12.2009 16:35;-0,9
13.12.2009 16:40;-0,9
13.12.2009 16:45;-0,95
13.12.2009 16:50;-0,95
13.12.2009 16:55;-0,95
13.12.2009 17:00;-1,05
13.12.2009 17:05;-1,05
13.12.2009 17:10;-1,05
13.12.2009 17:15;-1,05
13.12.2009 17:20;-1,05
13.12.2009 17:25;-1,05
13.12.2009 17:30;-1,05
13.12.2009 17:35;-1,05
13.12.2009 17:40;-1,05
13.12.2009 17:45;-1,05
13.12.2009 17:50;-1,05
13.12.2009 17:55;-1,1
13.12.2009 18:00;-1,1
13.12.2009 18:05;-1,1
13.12.2009 18:10;-1,2
13.12.2009 18:15;-1,25
13.12.2009 18:20;-1,25
13.12.2009 18:25;-1,25
13.12.2009 18:30;-1,25
13.12.2009 18:35;-1,35
13.12.2009 18:40;-1,35
13.12.2009 18:45;-1,45
13.12.2009 18:50;-1,5
13.12.2009 18:55;-1,6
13.12.2009 19:00;-1,65
13.12.2009 19:05;-1,75
13.12.2009 19:10;-1,85
13.12.2009 19:15;-1,9
13.12.2009 19:20;-2,05
13.12.2009 19:25;-2,05
13.12.2009 19:30;-2,25
13.12.2009 19:35;-2,3
13.12.2009 19:40;-2,4
13.12.2009 19:45;-2,45
13.12.2009 19:50;-2,55
13.12.2009 19:55;-2,65
13.12.2009 20:00;-2,65
13.12.2009 20:05;-2,7
13.12.2009 20:10;-2,7
13.12.2009 20:15;-2,8
13.12.2009 20:20;-2,8
13.12.2009 20:25;-2,7
13.12.2009 20:30;-2,7
13.12.2009 20:35;-2,7
13.12.2009 20:40;-2,7
13.12.2009 20:45;-2,8
13.12.2009 20:50;-2,8
13.12.2009 20:55;-2,85
13.12.2009 21:00;-2,85
13.12.2009 21:05;-2,95
13.12.2009 21:10;-2,95
13.12.2009 21:15;-2,95
13.12.2009 21:20;-2,95
13.12.2009 21:25;-2,95
13.12.2009 21:30;-2,85
13.12.2009 21:35;-2,85
13.12.2009 21:40;-2,85
13.12.2009 21:45;-2,8
13.12.2009 21:50;-2,8
13.12.2009 21:55;-2,85
13.12.2009 22:00;-2,85
13.12.2009 22:05;-2,85
13.12.2009 22:10;-2,85
13.12.2009 22:15;-2,8
13.12.2009 22:20;-2,85
13.12.2009 22:25;-2,85
13.12.2009 22:30;-2,8
13.12.2009 22:35;-2,8
13.12.2009 22:40;-2,85
13.12.2009 22:45;-2,85
13.12.2009 22:50;-2,8
13.12.2009 22:55;-2,8
13.12.2009 23:00;-2,8
13.12.2009 23:05;-2,8
13.12.2009 23:10;-2,8
13.12.2009 23:15;-2,8
13.12.2009 23:20;-2,8
13.12.2009 23:25;-2,85
13.12.2009 23:30;-2,85
13.12.2009 23:35;-2,8
13.12.2009 23:40;-2,8
13.12.2009 23:45;-2,85
13.12.2009 23:50;-2,85
13.12.2009 23:55;-2,85
14.12.2009 00:00;-2,85
14.12.2009 00:05;-2,95
14.12.2009 00:10;-2,95
14.12.2009 00:15;-2,95
14.12.2009 00:20;-2,95
14.12.2009 00:25;-2,95
14.12.2009 00:30;-2,85
14.12.2009 00:35;-2,85
14.12.2009 00:40;-2,85
14.12.2009 00:45;-2,85
14.12.2009 00:50;-2,8
14.12.2009 00:55;-2,8
14.12.2009 01:00;-2,8
14.12.2009 01:05;-2,8
14.12.2009 01:10;-2,8
14.12.2009 01:15;-2,7
14.12.2009 01:20;-2,8
14.12.2009 01:25;-2,8
14.12.2009 01:30;-2,8
14.12.2009 01:35;-2,8
14.12.2009 01:40;-2,7
14.12.2009 01:45;-2,7
14.12.2009 01:50;-2,7
14.12.2009 01:55;-2,7
14.12.2009 02:00;-2,7
14.12.2009 02:05;-2,7
14.12.2009 02:10;-2,7
14.12.2009 02:15;-2,7
14.12.2009 02:20;-2,7
14.12.2009 02:25;-2,7
14.12.2009 02:30;-2,7
14.12.2009 02:35;-2,7
14.12.2009 02:40;-2,7
14.12.2009 02:45;-2,7
14.12.2009 02:50;-2,65
14.12.2009 02:55;-2,65
14.12.2009 03:00;-2,65
14.12.2009 03:05;-2,65
14.12.2009 03:10;-2,65
14.12.2009 03:15;-2,65
14.12.2009 03:20;-2,65
14.12.2009 03:25;-2,65
14.12.2009 03:30;-2,65
14.12.2009 03:35;-2,65
14.12.2009 03:40;-2,65
14.12.2009 03:45;-2,65
14.12.2009 03:50;-2,65
14.12.2009 03:55;-2,65
14.12.2009 04:00;-2,65
14.12.2009 04:05;-2,7
14.12.2009 04:10;-2,7
14.12.2009 04:15;-2,8
14.12.2009 04:20;-2,8
14.12.2009 04:25;-2,85
14.12.2009 04:30;-2,85
14.12.2009 04:35;-2,85
14.12.2009 04:40;-2,85
14.12.2009 04:45;-2,85
14.12.2009 04:50;-2,85
14.12.2009 04:55;-2,85
14.12.2009 05:00;-2,85
14.12.2009 05:05;-2,85
14.12.2009 05:10;-2,85
14.12.2009 05:15;-2,85
14.12.2009 05:20;-2,8
14.12.2009 05:25;-2,8
14.12.2009 05:30;-2,85
14.12.2009 05:35;-2,8
14.12.2009 05:40;-2,8
14.12.2009 05:45;-2,8
14.12.2009 05:50;-2,8
14.12.2009 05:55;-2,8
14.12.2009 06:00;-2,8
14.12.2009 06:05;-2,8
14.12.2009 06:10;-2,8
14.12.2009 06:15;-2,8
14.12.2009 06:20;-2,8
14.12.2009 06:25;-2,8
14.12.2009 06:30;-2,8
14.12.2009 06:35;-2,8
14.12.2009 06:40;-2,8
14.12.2009 06:45;-2,85
14.12.2009 06:50;-2,85
14.12.2009 06:55;-2,85
14.12.2009 07:00;-2,85
14.12.2009 07:05;-2,85
14.12.2009 07:10;-2,85
14.12.2009 07:15;-2,8
14.12.2009 07:20;-2,8
14.12.2009 07:25;-2,85
14.12.2009 07:30;-2,85
14.12.2009 07:35;-2,95
14.12.2009 07:40;-2,95
14.12.2009 07:45;-2,95
14.12.2009 07:50;-3,05
14.12.2009 07:55;-3,05
14.12.2009 08:00;-3,05
14.12.2009 08:05;-2,95
14.12.2009 08:10;-2,85
14.12.2009 08:15;-2,8
14.12.2009 08:20;-2,7
14.12.2009 08:25;-2,65
14.12.2009 08:30;-2,65
14.12.2009 08:35;-2,65
14.12.2009 08:40;-2,55
14.12.2009 08:45;-2,45
14.12.2009 08:50;-2,45
14.12.2009 08:55;-2,4
14.12.2009 09:00;-2,3
14.12.2009 09:05;-2,3
14.12.2009 09:10;-2,3
14.12.2009 09:15;-2,25
14.12.2009 09:20;-2,15
14.12.2009 09:25;-2,15
14.12.2009 09:30;-2,05
14.12.2009 09:35;-2,05
14.12.2009 09:40;-2,05
14.12.2009 09:45;-2,05
14.12.2009 09:50;-2
14.12.2009 09:55;-2
14.12.2009 10:00;-1,9
14.12.2009 10:05;-1,9
14.12.2009 10:10;-1,85
14.12.2009 10:15;-1,75
14.12.2009 10:20;-1,75
14.12.2009 10:25;-1,75
14.12.2009 10:30;-1,75
14.12.2009 10:35;-1,65
14.12.2009 10:40;-1,65
14.12.2009 10:45;-1,6
14.12.2009 10:50;-1,45
14.12.2009 10:55;-1,5
14.12.2009 11:00;-1,45
14.12.2009 11:05;-1,45
14.12.2009 11:10;-1,35
14.12.2009 11:15;-1,35
14.12.2009 11:20;-1,35
14.12.2009 11:25;-1,35
14.12.2009 11:30;-1,25
14.12.2009 11:35;-1,2
14.12.2009 11:40;-1,1
14.12.2009 11:45;-1,05
14.12.2009 11:50;-1,05
14.12.2009 11:55;-1,05
14.12.2009 12:00;-1,05
14.12.2009 12:05;-1,05
14.12.2009 12:10;-1,05
14.12.2009 12:15;-1,05
14.12.2009 12:20;-1,05
14.12.2009 12:25;-1,05
14.12.2009 12:30;-0,95
14.12.2009 12:35;-1,05
14.12.2009 12:40;-1,05
14.12.2009 12:45;-0,95
14.12.2009 12:50;-0,9
14.12.2009 12:55;-0,9
14.12.2009 13:00;-0,95
14.12.2009 13:05;-0,9
14.12.2009 13:10;-0,9
14.12.2009 13:15;-0,9
14.12.2009 13:20;-0,8
14.12.2009 13:25;-0,9
14.12.2009 13:30;-0,8
14.12.2009 13:35;-0,8
14.12.2009 13:40;-0,8
14.12.2009 13:45;-0,9
14.12.2009 13:50;-0,9
14.12.2009 13:55;-0,9
14.12.2009 14:00;-0,9
14.12.2009 14:05;-0,9
14.12.2009 14:10;-0,9
14.12.2009 14:15;-0,9
14.12.2009 14:20;-0,9
14.12.2009 14:25;-0,9
14.12.2009 14:30;-0,9
14.12.2009 14:35;-0,9
14.12.2009 14:40;-0,9
14.12.2009 14:45;-0,9
14.12.2009 14:50;-0,9
14.12.2009 14:55;-0,8
14.12.2009 15:00;-0,9
14.12.2009 15:05;-0,9
14.12.2009 15:10;-0,9
14.12.2009 15:15;-0,9
14.12.2009 15:20;-0,9
14.12.2009 15:25;-0,9
14.12.2009 15:30;-0,9
14.12.2009 15:35;-0,9
14.12.2009 15:40;-0,9
14.12.2009 15:45;-0,95
14.12.2009 15:50;-0,95
14.12.2009 15:55;-1,05
14.12.2009 16:00;-1,05
14.12.2009 16:05;-1,05
14.12.2009 16:10;-1,05
14.12.2009 16:15;-1,05
14.12.2009 16:20;-1,05
14.12.2009 16:25;-1,05
14.12.2009 16:30;-1,05
14.12.2009 16:35;-1,05
14.12.2009 16:40;-1,05
14.12.2009 16:45;-1,05
14.12.2009 16:50;-1,05
14.12.2009 16:55;-1,1
14.12.2009 17:00;-1,1
14.12.2009 17:05;-1,1
14.12.2009 17:10;-1,25
14.12.2009 17:15;-1,25
14.12.2009 17:20;-1,25
14.12.2009 17:25;-1,25
14.12.2009 17:30;-1,25
14.12.2009 17:35;-1,35
14.12.2009 17:40;-1,35
14.12.2009 17:45;-1,35
14.12.2009 17:50;-1,35
14.12.2009 17:55;-1,35
14.12.2009 18:00;-1,35
14.12.2009 18:05;-1,35
14.12.2009 18:10;-1,35
14.12.2009 18:15;-1,35
14.12.2009 18:20;-1,35
14.12.2009 18:25;-1,35
14.12.2009 18:30;-1,35
14.12.2009 18:35;-1,45
14.12.2009 18:40;-1,35
14.12.2009 18:45;-1,35
14.12.2009 18:50;-1,35
14.12.2009 18:55;-1,45
14.12.2009 19:00;-1,45
14.12.2009 19:05;-1,45
14.12.2009 19:10;-1,45
14.12.2009 19:15;-1,45
14.12.2009 19:20;-1,45
14.12.2009 19:25;-1,5
14.12.2009 19:30;-1,5
14.12.2009 19:35;-1,5
14.12.2009 19:40;-1,5
14.12.2009 19:45;-1,6
14.12.2009 19:50;-1,6
14.12.2009 19:55;-1,6
14.12.2009 20:00;-1,6
14.12.2009 20:05;-1,6
14.12.2009 20:10;-1,6
14.12.2009 20:15;-1,6
14.12.2009 20:20;-1,65
14.12.2009 20:25;-1,65
14.12.2009 20:30;-1,65
14.12.2009 20:35;-1,65
14.12.2009 20:40;-1,65
14.12.2009 20:45;-1,65
14.12.2009 20:50;-1,65
14.12.2009 20:55;-1,65
14.12.2009 21:00;-1,65
14.12.2009 21:05;-1,6
14.12.2009 21:10;-1,65
14.12.2009 21:15;-1,65
14.12.2009 21:20;-1,65
14.12.2009 21:25;-1,65
14.12.2009 21:30;-1,65
14.12.2009 21:35;-1,6
14.12.2009 21:40;-1,6
14.12.2009 21:45;-1,65
14.12.2009 21:50;-1,65
14.12.2009 21:55;-1,65
14.12.2009 22:00;-1,6
14.12.2009 22:05;-1,65
14.12.2009 22:10;-1,65
14.12.2009 22:15;-1,65
14.12.2009 22:20;-1,65
14.12.2009 22:25;-1,6
14.12.2009 22:30;-1,6
14.12.2009 22:35;-1,65
14.12.2009 22:40;-1,65
14.12.2009 22:45;-1,65
14.12.2009 22:50;-1,6
14.12.2009 22:55;-1,6
14.12.2009 23:00;-1,6
14.12.2009 23:05;-1,6
14.12.2009 23:10;-1,6
14.12.2009 23:15;-1,6
14.12.2009 23:20;-1,6
14.12.2009 23:25;-1,6
14.12.2009 23:30;-1,6
14.12.2009 23:35;-1,65
14.12.2009 23:40;-1,65
14.12.2009 23:45;-1,65
14.12.2009 23:50;-1,65
14.12.2009 23:55;-1,65
15.12.2009 00:00;-1,75
15.12.2009 00:05;-1,75
15.12.2009 00:10;-1,75
15.12.2009 00:15;-1,75
15.12.2009 00:20;-1,75
15.12.2009 00:25;-1,85
15.12.2009 00:30;-1,85
15.12.2009 00:35;-1,85
15.12.2009 00:40;-1,9
15.12.2009 00:45;-1,9
15.12.2009 00:50;-1,9
15.12.2009 00:55;-1,9
15.12.2009 01:00;-2
15.12.2009 01:05;-2
15.12.2009 01:10;-2
15.12.2009 01:15;-2
15.12.2009 01:20;-2
15.12.2009 01:25;-2
15.12.2009 01:30;-1,9
15.12.2009 01:35;-1,9
15.12.2009 01:40;-1,9
15.12.2009 01:45;-2
15.12.2009 01:50;-1,9
15.12.2009 01:55;-1,9
15.12.2009 02:00;-1,9
15.12.2009 02:05;-1,85
15.12.2009 02:10;-1,85
15.12.2009 02:15;-1,85
15.12.2009 02:20;-1,75
15.12.2009 02:25;-1,75
15.12.2009 02:30;-1,75
15.12.2009 02:35;-1,75
15.12.2009 02:40;-1,75
15.12.2009 02:45;-1,75
15.12.2009 02:50;-1,65
15.12.2009 02:55;-1,65
15.12.2009 03:00;-1,65
15.12.2009 03:05;-1,65
15.12.2009 03:10;-1,65
15.12.2009 03:15;-1,6
15.12.2009 03:20;-1,6
15.12.2009 03:25;-1,6
15.12.2009 03:30;-1,6
15.12.2009 03:35;-1,6
15.12.2009 03:40;-1,6
15.12.2009 03:45;-1,6
15.12.2009 03:50;-1,5
15.12.2009 03:55;-1,5
15.12.2009 04:00;-1,5
15.12.2009 04:05;-1,5
15.12.2009 04:10;-1,45
15.12.2009 04:15;-1,5
15.12.2009 04:20;-1,45
15.12.2009 04:25;-1,45
15.12.2009 04:30;-1,45
15.12.2009 04:35;-1,45
15.12.2009 04:40;-1,45
15.12.2009 04:45;-1,45
15.12.2009 04:50;-1,45
15.12.2009 04:55;-1,45
15.12.2009 05:00;-1,45
15.12.2009 05:05;-1,45
15.12.2009 05:10;-1,45
15.12.2009 05:15;-1,45
15.12.2009 05:20;-1,35
15.12.2009 05:25;-1,45
15.12.2009 05:30;-1,35
15.12.2009 05:35;-1,35
15.12.2009 05:40;-1,35
15.12.2009 05:45;-1,35
15.12.2009 05:50;-1,45
15.12.2009 05:55;-1,45
15.12.2009 06:00;-1,45
15.12.2009 06:05;-1,45
15.12.2009 06:10;-1,45
15.12.2009 06:15;-1,45
15.12.2009 06:20;-1,45
15.12.2009 06:25;-1,45
15.12.2009 06:30;-1,35
15.12.2009 06:35;-1,35
15.12.2009 06:40;-1,35
15.12.2009 06:45;-1,35
15.12.2009 06:50;-1,35
15.12.2009 06:55;-1,35
15.12.2009 07:00;-1,35
15.12.2009 07:05;-1,35
15.12.2009 07:10;-1,35
15.12.2009 07:15;-1,35
15.12.2009 07:20;-1,45
15.12.2009 07:25;-1,45
15.12.2009 07:30;-1,5
15.12.2009 07:35;-1,6
15.12.2009 07:40;-1,6
15.12.2009 07:45;-1,6
15.12.2009 07:50;-1,6
15.12.2009 07:55;-1,6
15.12.2009 08:00;-1,6
15.12.2009 08:05;-1,65
15.12.2009 08:10;-1,65
15.12.2009 08:15;-1,75
15.12.2009 08:20;-1,75
15.12.2009 08:25;-1,85
15.12.2009 08:30;-1,9
15.12.2009 08:35;-1,9
15.12.2009 08:40;-2
15.12.2009 08:45;-2,05
15.12.2009 08:50;-2,05
15.12.2009 08:55;-2,05
15.12.2009 09:00;-2,05
15.12.2009 09:05;-2,15
15.12.2009 09:10;-2,15
15.12.2009 09:15;-2,15
15.12.2009 09:20;-2,15
15.12.2009 09:25;-2,15
15.12.2009 09:30;-2,15
15.12.2009 09:35;-2,05
15.12.2009 09:40;-2,15
15.12.2009 09:45;-2,15
15.12.2009 09:50;-2,05
15.12.2009 09:55;-2,05
15.12.2009 10:00;-2
15.12.2009 10:05;-1,9
15.12.2009 10:10;-1,9
15.12.2009 10:15;-1,85
15.12.2009 10:20;-1,75
15.12.2009 10:25;-1,65
15.12.2009 10:30;-1,65
15.12.2009 10:35;-1,65
15.12.2009 10:40;-1,6
15.12.2009 10:45;-1,5
15.12.2009 10:50;-1,6
15.12.2009 10:55;-1,5
15.12.2009 11:00;-1,5
15.12.2009 11:05;-1,45
15.12.2009 11:10;-1,45
15.12.2009 11:15;-1,45
15.12.2009 11:20;-1,45
15.12.2009 11:25;-1,35
15.12.2009 11:30;-1,45
15.12.2009 11:35;-1,45
15.12.2009 11:40;-1,45
15.12.2009 11:45;-1,45
15.12.2009 11:50;-1,45
15.12.2009 11:55;-1,45
15.12.2009 12:00;-1,5
15.12.2009 12:05;-1,5
15.12.2009 12:10;-1,5
15.12.2009 12:15;-1,5
15.12.2009 12:20;-1,5
15.12.2009 12:25;-1,45
15.12.2009 12:30;-1,45
15.12.2009 12:35;-1,45
15.12.2009 12:40;-1,45
15.12.2009 12:45;-1,45
15.12.2009 12:50;-1,45
15.12.2009 12:55;-1,45
15.12.2009 13:00;-1,45
15.12.2009 13:05;-1,45
15.12.2009 13:10;-1,45
15.12.2009 13:15;-1,45
15.12.2009 13:20;-1,45
15.12.2009 13:25;-1,45
15.12.2009 13:30;-1,45
15.12.2009 13:35;-1,45
15.12.2009 13:40;-1,35
15.12.2009 13:45;-1,35
15.12.2009 13:50;-1,35
15.12.2009 13:55;-1,35
15.12.2009 14:00;-1,35
15.12.2009 14:05;-1,45
15.12.2009 14:10;-1,45
15.12.2009 14:15;-1,35
15.12.2009 14:20;-1,35
15.12.2009 14:25;-1,35
15.12.2009 14:30;-1,35
15.12.2009 14:35;-1,35
15.12.2009 14:40;-1,35
15.12.2009 14:45;-1,35
15.12.2009 14:50;-1,35
15.12.2009 14:55;-1,35
15.12.2009 15:00;-1,45
15.12.2009 15:05;-1,45
15.12.2009 15:10;-1,45
15.12.2009 15:15;-1,45
15.12.2009 15:20;-1,45
15.12.2009 15:25;-1,45
15.12.2009 15:30;-1,45
15.12.2009 15:35;-1,45
15.12.2009 15:40;-1,45
15.12.2009 15:45;-1,45
15.12.2009 15:50;-1,45
15.12.2009 15:55;-1,45
15.12.2009 16:00;-1,35
15.12.2009 16:05;-1,45
15.12.2009 16:10;-1,45
15.12.2009 16:15;-1,45
15.12.2009 16:20;-1,45
15.12.2009 16:25;-1,45
15.12.2009 16:30;-1,45
15.12.2009 16:35;-1,5
15.12.2009 16:40;-1,5
15.12.2009 16:45;-1,5
15.12.2009 16:50;-1,6
15.12.2009 16:55;-1,5
15.12.2009 17:00;-1,6
15.12.2009 17:05;-1,6
15.12.2009 17:10;-1,6
15.12.2009 17:15;-1,6
15.12.2009 17:20;-1,65
15.12.2009 17:25;-1,65
15.12.2009 17:30;-1,75
15.12.2009 17:35;-1,75
15.12.2009 17:40;-1,75
15.12.2009 17:45;-1,75
15.12.2009 17:50;-1,85
15.12.2009 17:55;-1,9
15.12.2009 18:00;-1,9
15.12.2009 18:05;-1,9
15.12.2009 18:10;-1,9
15.12.2009 18:15;-1,9
15.12.2009 18:20;-2
15.12.2009 18:25;-2
15.12.2009 18:30;-2
15.12.2009 18:35;-2,05
15.12.2009 18:40;-2,05
15.12.2009 18:45;-2,05
15.12.2009 18:50;-2,05
15.12.2009 18:55;-2,05
15.12.2009 19:00;-2,05
15.12.2009 19:05;-2,05
15.12.2009 19:10;-2,05
15.12.2009 19:15;-2,15
15.12.2009 19:20;-2,15
15.12.2009 19:25;-2,15
15.12.2009 19:30;-2,25
15.12.2009 19:35;-2,25
15.12.2009 19:40;-2,25
15.12.2009 19:45;-2,25
15.12.2009 19:50;-2,3
15.12.2009 19:55;-2,3
15.12.2009 20:00;-2,3
15.12.2009 20:05;-2,4
15.12.2009 20:10;-2,4
15.12.2009 20:15;-2,4
15.12.2009 20:20;-2,4
15.12.2009 20:25;-2,45
15.12.2009 20:30;-2,55
15.12.2009 20:35;-2,55
15.12.2009 20:40;-2,65
15.12.2009 20:45;-2,65
15.12.2009 20:50;-2,65
15.12.2009 20:55;-2,65
15.12.2009 21:00;-2,7
15.12.2009 21:05;-2,7
15.12.2009 21:10;-2,7
15.12.2009 21:15;-2,8
15.12.2009 21:20;-2,8
15.12.2009 21:25;-2,8
15.12.2009 21:30;-2,8
15.12.2009 21:35;-2,85
15.12.2009 21:40;-2,95
15.12.2009 21:45;-2,95
15.12.2009 21:50;-3,05
15.12.2009 21:55;-3,1
15.12.2009 22:00;-3,2
15.12.2009 22:05;-3,2
15.12.2009 22:10;-3,25
15.12.2009 22:15;-3,25
15.12.2009 22:20;-3,35
15.12.2009 22:25;-3,35
15.12.2009 22:30;-3,35
15.12.2009 22:35;-3,35
15.12.2009 22:40;-3,45
15.12.2009 22:45;-3,45
15.12.2009 22:50;-3,45
15.12.2009 22:55;-3,5
15.12.2009 23:00;-3,5
15.12.2009 23:05;-3,5
15.12.2009 23:10;-3,5
15.12.2009 23:15;-3,6
15.12.2009 23:20;-3,5
15.12.2009 23:25;-3,6
15.12.2009 23:30;-3,6
15.12.2009 23:35;-3,6
15.12.2009 23:40;-3,65
15.12.2009 23:45;-3,75
15.12.2009 23:50;-3,75
15.12.2009 23:55;-3,75
16.12.2009 00:00;-3,75
16.12.2009 00:05;-3,8
16.12.2009 00:10;-3,8
16.12.2009 00:15;-3,8
16.12.2009 00:20;-3,9
16.12.2009 00:25;-3,9
16.12.2009 00:30;-3,9
16.12.2009 00:35;-4
16.12.2009 00:40;-4,05
16.12.2009 00:45;-4,15
16.12.2009 00:50;-4,2
16.12.2009 00:55;-4,2
16.12.2009 01:00;-4,2
16.12.2009 01:05;-4,3
16.12.2009 01:10;-4,3
16.12.2009 01:15;-4,4
16.12.2009 01:20;-4,4
16.12.2009 01:25;-4,4
16.12.2009 01:30;-4,4
16.12.2009 01:35;-4,45
16.12.2009 01:40;-4,4
16.12.2009 01:45;-4,45
16.12.2009 01:50;-4,4
16.12.2009 01:55;-4,45
16.12.2009 02:00;-4,45
16.12.2009 02:05;-4,45
16.12.2009 02:10;-4,55
16.12.2009 02:15;-4,55
16.12.2009 02:20;-4,55
16.12.2009 02:25;-4,55
16.12.2009 02:30;-4,55
16.12.2009 02:35;-4,55
16.12.2009 02:40;-4,55
16.12.2009 02:45;-4,55
16.12.2009 02:50;-4,55
16.12.2009 02:55;-4,55
16.12.2009 03:00;-4,55
16.12.2009 03:05;-4,55
16.12.2009 03:10;-4,55
16.12.2009 03:15;-4,55
16.12.2009 03:20;-4,55
16.12.2009 03:25;-4,6
16.12.2009 03:30;-4,6
16.12.2009 03:35;-4,6
16.12.2009 03:40;-4,6
16.12.2009 03:45;-4,6
16.12.2009 03:50;-4,7
16.12.2009 03:55;-4,7
16.12.2009 04:00;-4,8
16.12.2009 04:05;-4,8
16.12.2009 04:10;-4,8
16.12.2009 04:15;-4,8
16.12.2009 04:20;-4,8
16.12.2009 04:25;-4,8
16.12.2009 04:30;-4,8
16.12.2009 04:35;-4,8
16.12.2009 04:40;-4,85
16.12.2009 04:45;-4,85
16.12.2009 04:50;-4,85
16.12.2009 04:55;-4,85
16.12.2009 05:00;-4,85
16.12.2009 05:05;-4,85
16.12.2009 05:10;-4,95
16.12.2009 05:15;-4,85
16.12.2009 05:20;-4,95
16.12.2009 05:25;-4,95
16.12.2009 05:30;-4,95
16.12.2009 05:35;-4,95
16.12.2009 05:40;-5
16.12.2009 05:45;-5
16.12.2009 05:50;-5,1
16.12.2009 05:55;-5,1
16.12.2009 06:00;-5,1
16.12.2009 06:05;-5,1
16.12.2009 06:10;-5,1
16.12.2009 06:15;-5,2
16.12.2009 06:20;-5,2
16.12.2009 06:25;-5,2
16.12.2009 06:30;-5,2
16.12.2009 06:35;-5,2
16.12.2009 06:40;-5,25
16.12.2009 06:45;-5,25
16.12.2009 06:50;-5,25
16.12.2009 06:55;-5,25
16.12.2009 07:00;-5,25
16.12.2009 07:05;-5,35
16.12.2009 07:10;-5,35
16.12.2009 07:15;-5,35
16.12.2009 07:20;-5,35
16.12.2009 07:25;-5,35
16.12.2009 07:30;-5,35
16.12.2009 07:35;-5,35
16.12.2009 07:40;-5,35
16.12.2009 07:45;-5,25
16.12.2009 07:50;-5,25
16.12.2009 07:55;-5,25
16.12.2009 08:00;-5,25
16.12.2009 08:05;-5,25
16.12.2009 08:10;-5,25
16.12.2009 08:15;-5,25
16.12.2009 08:20;-5,35
16.12.2009 08:25;-5,35
16.12.2009 08:30;-5,35
16.12.2009 08:35;-5,35
16.12.2009 08:40;-5,25
16.12.2009 08:45;-5,35
16.12.2009 08:50;-5,4
16.12.2009 08:55;-5,35
16.12.2009 09:00;-5,35
16.12.2009 09:05;-5,25
16.12.2009 09:10;-5,35
16.12.2009 09:15;-5,35
16.12.2009 09:20;-5,4
16.12.2009 09:25;-5,35
16.12.2009 09:30;-5,35
16.12.2009 09:35;-5,25
16.12.2009 09:40;-5,25
16.12.2009 09:45;-5,25
16.12.2009 09:50;-5,2
16.12.2009 09:55;-5,2
16.12.2009 10:00;-5,2
16.12.2009 10:05;-5,1
16.12.2009 10:10;-5,1
16.12.2009 10:15;-5
16.12.2009 10:20;-5,1
16.12.2009 10:25;-5
16.12.2009 10:30;-5
16.12.2009 10:35;-4,95
16.12.2009 10:40;-4,85
16.12.2009 10:45;-4,85
16.12.2009 10:50;-4,8
16.12.2009 10:55;-4,8
16.12.2009 11:00;-4,8
16.12.2009 11:05;-4,85
16.12.2009 11:10;-4,8
16.12.2009 11:15;-4,8
16.12.2009 11:20;-4,7
16.12.2009 11:25;-4,7
16.12.2009 11:30;-4,7
16.12.2009 11:35;-4,7
16.12.2009 11:40;-4,6
16.12.2009 11:45;-4,6
16.12.2009 11:50;-4,6
16.12.2009 11:55;-4,7
16.12.2009 12:00;-4,7
16.12.2009 12:05;-4,8
16.12.2009 12:10;-4,8
16.12.2009 12:15;-4,8
16.12.2009 12:20;-4,8
16.12.2009 12:25;-4,7
16.12.2009 12:30;-4,8
16.12.2009 12:35;-4,7
16.12.2009 12:40;-4,6
16.12.2009 12:45;-4,7
16.12.2009 12:50;-4,6
16.12.2009 12:55;-4,6
16.12.2009 13:00;-4,55
16.12.2009 13:05;-4,55
16.12.2009 13:10;-4,45
16.12.2009 13:15;-4,55
16.12.2009 13:20;-4,55
16.12.2009 13:25;-4,45
16.12.2009 13:30;-4,4
16.12.2009 13:35;-4,4
16.12.2009 13:40;-4,4
16.12.2009 13:45;-4,4
16.12.2009 13:50;-4,4
16.12.2009 13:55;-4,4
16.12.2009 14:00;-4,4
16.12.2009 14:05;-4,4
16.12.2009 14:10;-4,4
16.12.2009 14:15;-4,45
16.12.2009 14:20;-4,45
16.12.2009 14:25;-4,45
16.12.2009 14:30;-4,45
16.12.2009 14:35;-4,45
16.12.2009 14:40;-4,55
16.12.2009 14:45;-4,45
16.12.2009 14:50;-4,45
16.12.2009 14:55;-4,55
16.12.2009 15:00;-4,55
16.12.2009 15:05;-4,55
16.12.2009 15:10;-4,6
16.12.2009 15:15;-4,6
16.12.2009 15:20;-4,6
16.12.2009 15:25;-4,7
16.12.2009 15:30;-4,7
16.12.2009 15:35;-4,8
16.12.2009 15:40;-4,8
16.12.2009 15:45;-4,8
16.12.2009 15:50;-4,8
16.12.2009 15:55;-4,8
16.12.2009 16:00;-4,8
16.12.2009 16:05;-4,8
16.12.2009 16:10;-4,8
16.12.2009 16:15;-4,85
16.12.2009 16:20;-4,85
16.12.2009 16:25;-4,95
16.12.2009 16:30;-5
16.12.2009 16:35;-5
16.12.2009 16:40;-5
16.12.2009 16:45;-4,95
16.12.2009 16:50;-4,95
16.12.2009 16:55;-4,95
16.12.2009 17:00;-4,95
16.12.2009 17:05;-4,95
16.12.2009 17:10;-4,85
16.12.2009 17:15;-4,85
16.12.2009 17:20;-4,85
16.12.2009 17:25;-4,85
16.12.2009 17:30;-4,85
16.12.2009 17:35;-4,85
16.12.2009 17:40;-4,85
16.12.2009 17:45;-4,85
16.12.2009 17:50;-4,85
16.12.2009 17:55;-4,95
16.12.2009 18:00;-4,95
16.12.2009 18:05;-4,95
16.12.2009 18:10;-4,95
16.12.2009 18:15;-5
16.12.2009 18:20;-4,95
16.12.2009 18:25;-4,95
16.12.2009 18:30;-4,95
16.12.2009 18:35;-4,95
16.12.2009 18:40;-4,95
16.12.2009 18:45;-4,95
16.12.2009 18:50;-4,95
16.12.2009 18:55;-4,85
16.12.2009 19:00;-4,95
16.12.2009 19:05;-4,95
16.12.2009 19:10;-4,95
16.12.2009 19:15;-4,95
16.12.2009 19:20;-4,95
16.12.2009 19:25;-5
16.12.2009 19:30;-5
16.12.2009 19:35;-5
16.12.2009 19:40;-5,1
16.12.2009 19:45;-5,1
16.12.2009 19:50;-5,2
16.12.2009 19:55;-5,2
16.12.2009 20:00;-5,1
16.12.2009 20:05;-5,2
16.12.2009 20:10;-5,2
16.12.2009 20:15;-5,2
16.12.2009 20:20;-5,2
16.12.2009 20:25;-5,2
16.12.2009 20:30;-5,2
16.12.2009 20:35;-5,2
16.12.2009 20:40;-5,2
16.12.2009 20:45;-5,25
16.12.2009 20:50;-5,25
16.12.2009 20:55;-5,25
16.12.2009 21:00;-5,25
16.12.2009 21:05;-5,25
16.12.2009 21:10;-5,35
16.12.2009 21:15;-5,35
16.12.2009 21:20;-5,4
16.12.2009 21:25;-5,4
16.12.2009 21:30;-5,4
16.12.2009 21:35;-5,4
16.12.2009 21:40;-5,35
16.12.2009 21:45;-5,35
16.12.2009 21:50;-5,35
16.12.2009 21:55;-5,35
16.12.2009 22:00;-5,35
16.12.2009 22:05;-5,35
16.12.2009 22:10;-5,4
16.12.2009 22:15;-5,4
16.12.2009 22:20;-5,35
16.12.2009 22:25;-5,4
16.12.2009 22:30;-5,4
16.12.2009 22:35;-5,35
16.12.2009 22:40;-5,35
16.12.2009 22:45;-5,4
16.12.2009 22:50;-5,4
16.12.2009 22:55;-5,4
16.12.2009 23:00;-5,5
16.12.2009 23:05;-5,5
16.12.2009 23:10;-5,6
16.12.2009 23:15;-5,6
16.12.2009 23:20;-5,6
16.12.2009 23:25;-5,6
16.12.2009 23:30;-5,65
16.12.2009 23:35;-5,6
16.12.2009 23:40;-5,65
16.12.2009 23:45;-5,65
16.12.2009 23:50;-5,65
16.12.2009 23:55;-5,75
17.12.2009 00:00;-5,75
17.12.2009 00:05;-5,8
17.12.2009 00:10;-5,8
17.12.2009 00:15;-5,8
17.12.2009 00:20;-5,9
17.12.2009 00:25;-5,9
17.12.2009 00:30;-5,9
17.12.2009 00:35;-5,9
17.12.2009 00:40;-5,9
17.12.2009 00:45;-6
17.12.2009 00:50;-6
17.12.2009 00:55;-6
17.12.2009 01:00;-6,05
17.12.2009 01:05;-6
17.12.2009 01:10;-6,05
17.12.2009 01:15;-6,05
17.12.2009 01:20;-6,05
17.12.2009 01:25;-6,05
17.12.2009 01:30;-6,15
17.12.2009 01:35;-6,15
17.12.2009 01:40;-6,15
17.12.2009 01:45;-6,15
17.12.2009 01:50;-6,15
17.12.2009 01:55;-6,15
17.12.2009 02:00;-6,2
17.12.2009 02:05;-6,3
17.12.2009 02:10;-6,3
17.12.2009 02:15;-6,3
17.12.2009 02:20;-6,35
17.12.2009 02:25;-6,35
17.12.2009 02:30;-6,45
17.12.2009 02:35;-6,45
17.12.2009 02:40;-6,55
17.12.2009 02:45;-6,6
17.12.2009 02:50;-6,6
17.12.2009 02:55;-6,7
17.12.2009 03:00;-6,7
17.12.2009 03:05;-6,7
17.12.2009 03:10;-6,7
17.12.2009 03:15;-6,7
17.12.2009 03:20;-6,7
17.12.2009 03:25;-6,75
17.12.2009 03:30;-6,75
17.12.2009 03:35;-6,75
17.12.2009 03:40;-6,75
17.12.2009 03:45;-6,75
17.12.2009 03:50;-6,75
17.12.2009 03:55;-6,85
17.12.2009 04:00;-6,85
17.12.2009 04:05;-6,95
17.12.2009 04:10;-6,95
17.12.2009 04:15;-6,95
17.12.2009 04:20;-7
17.12.2009 04:25;-7
17.12.2009 04:30;-7
17.12.2009 04:35;-7
17.12.2009 04:40;-7
17.12.2009 04:45;-7
17.12.2009 04:50;-7,1
17.12.2009 04:55;-7,1
17.12.2009 05:00;-7,15
17.12.2009 05:05;-7,25
17.12.2009 05:10;-7,25
17.12.2009 05:15;-7,25
17.12.2009 05:20;-7,25
17.12.2009 05:25;-7,25
17.12.2009 05:30;-7,25
17.12.2009 05:35;-7,25
17.12.2009 05:40;-7,35
17.12.2009 05:45;-7,35
17.12.2009 05:50;-7,35
17.12.2009 05:55;-7,35
17.12.2009 06:00;-7,35
17.12.2009 06:05;-7,4
17.12.2009 06:10;-7,4
17.12.2009 06:15;-7,4
17.12.2009 06:20;-7,4
17.12.2009 06:25;-7,4
17.12.2009 06:30;-7,4
17.12.2009 06:35;-7,5
17.12.2009 06:40;-7,5
17.12.2009 06:45;-7,5
17.12.2009 06:50;-7,5
17.12.2009 06:55;-7,5
17.12.2009 07:00;-7,55
17.12.2009 07:05;-7,55
17.12.2009 07:10;-7,55
17.12.2009 07:15;-7,5
17.12.2009 07:20;-7,5
17.12.2009 07:25;-7,5
17.12.2009 07:30;-7,5
17.12.2009 07:35;-7,5
17.12.2009 07:40;-7,5
17.12.2009 07:45;-7,5
17.12.2009 07:50;-7,5
17.12.2009 07:55;-7,55
17.12.2009 08:00;-7,55
17.12.2009 08:05;-7,5
17.12.2009 08:10;-7,5
17.12.2009 08:15;-7,5
17.12.2009 08:20;-7,55
17.12.2009 08:25;-7,5
17.12.2009 08:30;-7,5
17.12.2009 08:35;-7,5
17.12.2009 08:40;-7,5
17.12.2009 08:45;-7,5
17.12.2009 08:50;-7,5
17.12.2009 08:55;-7,5
17.12.2009 09:00;-7,5
17.12.2009 09:05;-7,5
17.12.2009 09:10;-7,5
17.12.2009 09:15;-7,4
17.12.2009 09:20;-7,4
17.12.2009 09:25;-7,5
17.12.2009 09:30;-7,5
17.12.2009 09:35;-7,5
17.12.2009 09:40;-7,4
17.12.2009 09:45;-7,4
17.12.2009 09:50;-7,4
17.12.2009 09:55;-7,35
17.12.2009 10:00;-7,25
17.12.2009 10:05;-7,15
17.12.2009 10:10;-7,1
17.12.2009 10:15;-7,1
17.12.2009 10:20;-7
17.12.2009 10:25;-6,95
17.12.2009 10:30;-6,85
17.12.2009 10:35;-6,75
17.12.2009 10:40;-6,7
17.12.2009 10:45;-6,6
17.12.2009 10:50;-6,45
17.12.2009 10:55;-6,35
17.12.2009 11:00;-6,3
17.12.2009 11:05;-6,3
17.12.2009 11:10;-6,2
17.12.2009 11:15;-6,3
17.12.2009 11:20;-6,3
17.12.2009 11:25;-6,35
17.12.2009 11:30;-6,35
17.12.2009 11:35;-6,45
17.12.2009 11:40;-6,45
17.12.2009 11:45;-6,45
17.12.2009 11:50;-6,35
17.12.2009 11:55;-6,3
17.12.2009 12:00;-6,3
17.12.2009 12:05;-6,2
17.12.2009 12:10;-6,2
17.12.2009 12:15;-6,2
17.12.2009 12:20;-6,2
17.12.2009 12:25;-6,15
17.12.2009 12:30;-6,15
17.12.2009 12:35;-6,05
17.12.2009 12:40;-6,05
17.12.2009 12:45;-6,05
17.12.2009 12:50;-6,05
17.12.2009 12:55;-6,05
17.12.2009 13:00;-6,05
17.12.2009 13:05;-6
17.12.2009 13:10;-6
17.12.2009 13:15;-5,9
17.12.2009 13:20;-5,9
17.12.2009 13:25;-6
17.12.2009 13:30;-6,05
17.12.2009 13:35;-6,15
17.12.2009 13:40;-6,15
17.12.2009 13:45;-6,05
17.12.2009 13:50;-6,05
17.12.2009 13:55;-6
17.12.2009 14:00;-6,05
17.12.2009 14:05;-6
17.12.2009 14:10;-6
17.12.2009 14:15;-6,05
17.12.2009 14:20;-6
17.12.2009 14:25;-6,05
17.12.2009 14:30;-6,05
17.12.2009 14:35;-6,05
17.12.2009 14:40;-6,05
17.12.2009 14:45;-6,05
17.12.2009 14:50;-6,15
17.12.2009 14:55;-6,15
17.12.2009 15:00;-6,2
17.12.2009 15:05;-6,3
17.12.2009 15:10;-6,3
17.12.2009 15:15;-6,3
17.12.2009 15:20;-6,35
17.12.2009 15:25;-6,45
17.12.2009 15:30;-6,55
17.12.2009 15:35;-6,6
17.12.2009 15:40;-6,6
17.12.2009 15:45;-6,6
17.12.2009 15:50;-6,6
17.12.2009 15:55;-6,7
17.12.2009 16:00;-6,7
17.12.2009 16:05;-6,75
17.12.2009 16:10;-6,85
17.12.2009 16:15;-6,95
17.12.2009 16:20;-7
17.12.2009 16:25;-7
17.12.2009 16:30;-7,1
17.12.2009 16:35;-7,15
17.12.2009 16:40;-7,25
17.12.2009 16:45;-7,35
17.12.2009 16:50;-7,35
17.12.2009 16:55;-7,35
17.12.2009 17:00;-7,35
17.12.2009 17:05;-7,4
17.12.2009 17:10;-7,4
17.12.2009 17:15;-7,4
17.12.2009 17:20;-7,4
17.12.2009 17:25;-7,4
17.12.2009 17:30;-7,4
17.12.2009 17:35;-7,4
17.12.2009 17:40;-7,4
17.12.2009 17:45;-7,4
17.12.2009 17:50;-7,4
17.12.2009 17:55;-7,4
17.12.2009 18:00;-7,4
17.12.2009 18:05;-7,4
17.12.2009 18:10;-7,4
17.12.2009 18:15;-7,4
17.12.2009 18:20;-7,4
17.12.2009 18:25;-7,35
17.12.2009 18:30;-7,35
17.12.2009 18:35;-7,35
17.12.2009 18:40;-7,35
17.12.2009 18:45;-7,4
17.12.2009 18:50;-7,4
17.12.2009 18:55;-7,5
17.12.2009 19:00;-7,5
17.12.2009 19:05;-7,55
17.12.2009 19:10;-7,65
17.12.2009 19:15;-7,75
17.12.2009 19:20;-7,8
17.12.2009 19:25;-7,9
17.12.2009 19:30;-7,9
17.12.2009 19:35;-7,95
17.12.2009 19:40;-8,05
17.12.2009 19:45;-8,05
17.12.2009 19:50;-8,05
17.12.2009 19:55;-8,2
17.12.2009 20:00;-8,3
17.12.2009 20:05;-8,3
17.12.2009 20:10;-8,35
17.12.2009 20:15;-8,45
17.12.2009 20:20;-8,55
17.12.2009 20:25;-8,55
17.12.2009 20:30;-8,55
17.12.2009 20:35;-8,6
17.12.2009 20:40;-8,75
17.12.2009 20:45;-8,85
17.12.2009 20:50;-8,85
17.12.2009 20:55;-8,9
17.12.2009 21:00;-9,1
17.12.2009 21:05;-9,15
17.12.2009 21:10;-9,25
17.12.2009 21:15;-9,4
17.12.2009 21:20;-9,5
17.12.2009 21:25;-9,5
17.12.2009 21:30;-9,55
17.12.2009 21:35;-9,65
17.12.2009 21:40;-9,7
17.12.2009 21:45;-9,7
17.12.2009 21:50;-9,8
17.12.2009 21:55;-9,8
17.12.2009 22:00;-9,9
17.12.2009 22:05;-9,9
17.12.2009 22:10;-9,9
17.12.2009 22:15;-9,9
17.12.2009 22:20;-9,9
17.12.2009 22:25;-9,9
17.12.2009 22:30;-9,9
17.12.2009 22:35;-9,95
17.12.2009 22:40;-9,95
17.12.2009 22:45;-10,05
17.12.2009 22:50;-10,05
17.12.2009 22:55;-10,05
17.12.2009 23:00;-10,05
17.12.2009 23:05;-10,1
17.12.2009 23:10;-10,1
17.12.2009 23:15;-10,2
17.12.2009 23:20;-10,2
17.12.2009 23:25;-10,2
17.12.2009 23:30;-10,2
17.12.2009 23:35;-10,3
17.12.2009 23:40;-10,3
17.12.2009 23:45;-10,35
17.12.2009 23:50;-10,35
17.12.2009 23:55;-10,35
18.12.2009 00:00;-10,35
18.12.2009 00:05;-10,35
18.12.2009 00:10;-10,35
18.12.2009 00:15;-10,35
18.12.2009 00:20;-10,35
18.12.2009 00:25;-10,35
18.12.2009 00:30;-10,35
18.12.2009 00:35;-10,35
18.12.2009 00:40;-10,35
18.12.2009 00:45;-10,35
18.12.2009 00:50;-10,35
18.12.2009 00:55;-10,35
18.12.2009 01:00;-10,35
18.12.2009 01:05;-10,45
18.12.2009 01:10;-10,45
18.12.2009 01:15;-10,5
18.12.2009 01:20;-10,5
18.12.2009 01:25;-10,5
18.12.2009 01:30;-10,5
18.12.2009 01:35;-10,5
18.12.2009 01:40;-10,6
18.12.2009 01:45;-10,6
18.12.2009 01:50;-10,6
18.12.2009 01:55;-10,6
18.12.2009 02:00;-10,6
18.12.2009 02:05;-10,6
18.12.2009 02:10;-10,7
18.12.2009 02:15;-10,7
18.12.2009 02:20;-10,75
18.12.2009 02:25;-10,75
18.12.2009 02:30;-10,75
18.12.2009 02:35;-10,75
18.12.2009 02:40;-10,85
18.12.2009 02:45;-10,85
18.12.2009 02:50;-10,85
18.12.2009 02:55;-10,9
18.12.2009 03:00;-10,9
18.12.2009 03:05;-10,9
18.12.2009 03:10;-10,9
18.12.2009 03:15;-11
18.12.2009 03:20;-11
18.12.2009 03:25;-11
18.12.2009 03:30;-11
18.12.2009 03:35;-11,1
18.12.2009 03:40;-11,1
18.12.2009 03:45;-11,1
18.12.2009 03:50;-11,1
18.12.2009 03:55;-11,1
18.12.2009 04:00;-11,15
18.12.2009 04:05;-11,15
18.12.2009 04:10;-11,15
18.12.2009 04:15;-11,15
18.12.2009 04:20;-11,15
18.12.2009 04:25;-11,15
18.12.2009 04:30;-11,15
18.12.2009 04:35;-11,1
18.12.2009 04:40;-11,1
18.12.2009 04:45;-11,15
18.12.2009 04:50;-11,1
18.12.2009 04:55;-11,1
18.12.2009 05:00;-11,1
18.12.2009 05:05;-11,1
18.12.2009 05:10;-11
18.12.2009 05:15;-11,1
18.12.2009 05:20;-11,1
18.12.2009 05:25;-11
18.12.2009 05:30;-11
18.12.2009 05:35;-11
18.12.2009 05:40;-11
18.12.2009 05:45;-11
18.12.2009 05:50;-10,9
18.12.2009 05:55;-11
18.12.2009 06:00;-11
18.12.2009 06:05;-10,9
18.12.2009 06:10;-11
18.12.2009 06:15;-11
18.12.2009 06:20;-11
18.12.2009 06:25;-11
18.12.2009 06:30;-11,1
18.12.2009 06:35;-11,1
18.12.2009 06:40;-11,15
18.12.2009 06:45;-11,15
18.12.2009 06:50;-11,15
18.12.2009 06:55;-11,15
18.12.2009 07:00;-11,15
18.12.2009 07:05;-11,15
18.12.2009 07:10;-11,15
18.12.2009 07:15;-11,15
18.12.2009 07:20;-11,15
18.12.2009 07:25;-11,15
18.12.2009 07:30;-11,25
18.12.2009 07:35;-11,25
18.12.2009 07:40;-11,25
18.12.2009 07:45;-11,3
18.12.2009 07:50;-11,4
18.12.2009 07:55;-11,4
18.12.2009 08:00;-11,4
18.12.2009 08:05;-11,45
18.12.2009 08:10;-11,45
18.12.2009 08:15;-11,45
18.12.2009 08:20;-11,45
18.12.2009 08:25;-11,45
18.12.2009 08:30;-11,45
18.12.2009 08:35;-11,45
18.12.2009 08:40;-11,45
18.12.2009 08:45;-11,4
18.12.2009 08:50;-11,4
18.12.2009 08:55;-11,4
18.12.2009 09:00;-11,4
18.12.2009 09:05;-11,3
18.12.2009 09:10;-11,3
18.12.2009 09:15;-11,3
18.12.2009 09:20;-11,3
18.12.2009 09:25;-11,25
18.12.2009 09:30;-11,15
18.12.2009 09:35;-11,1
18.12.2009 09:40;-11
18.12.2009 09:45;-11
18.12.2009 09:50;-10,9
18.12.2009 09:55;-10,85
18.12.2009 10:00;-10,75
18.12.2009 10:05;-10,75
18.12.2009 10:10;-10,7
18.12.2009 10:15;-10,7
18.12.2009 10:20;-10,6
18.12.2009 10:25;-10,5
18.12.2009 10:30;-10,5
18.12.2009 10:35;-10,5
18.12.2009 10:40;-10,5
18.12.2009 10:45;-10,45
18.12.2009 10:50;-10,45
18.12.2009 10:55;-10,35
18.12.2009 11:00;-10,45
18.12.2009 11:05;-10,35
18.12.2009 11:10;-10,35
18.12.2009 11:15;-10,35
18.12.2009 11:20;-10,35
18.12.2009 11:25;-10,35
18.12.2009 11:30;-10,35
18.12.2009 11:35;-10,35
18.12.2009 11:40;-10,3
18.12.2009 11:45;-10,3
18.12.2009 11:50;-10,3
18.12.2009 11:55;-10,3
18.12.2009 12:00;-10,3
18.12.2009 12:05;-10,35
18.12.2009 12:10;-10,3
18.12.2009 12:15;-10,3
18.12.2009 12:20;-10,3
18.12.2009 12:25;-10,2
18.12.2009 12:30;-10,2
18.12.2009 12:35;-10,1
18.12.2009 12:40;-10,05
18.12.2009 12:45;-10,05
18.12.2009 12:50;-9,95
18.12.2009 12:55;-9,95
18.12.2009 13:00;-9,95
18.12.2009 13:05;-9,95
18.12.2009 13:10;-9,9
18.12.2009 13:15;-9,9
18.12.2009 13:20;-9,9
18.12.2009 13:25;-9,9
18.12.2009 13:30;-9,95
18.12.2009 13:35;-9,95
18.12.2009 13:40;-9,95
18.12.2009 13:45;-9,9
18.12.2009 13:50;-9,9
18.12.2009 13:55;-9,9
18.12.2009 14:00;-9,9
18.12.2009 14:05;-9,9
18.12.2009 14:10;-9,9
18.12.2009 14:15;-9,9
18.12.2009 14:20;-9,9
18.12.2009 14:25;-10,05
18.12.2009 14:30;-10,2
18.12.2009 14:35;-10,2
18.12.2009 14:40;-10,2
18.12.2009 14:45;-10,3
18.12.2009 14:50;-10,2
18.12.2009 14:55;-10,2
18.12.2009 15:00;-10,2
18.12.2009 15:05;-10,3
18.12.2009 15:10;-10,35
18.12.2009 15:15;-10,35
18.12.2009 15:20;-10,45
18.12.2009 15:25;-10,45
18.12.2009 15:30;-10,45
18.12.2009 15:35;-10,5
18.12.2009 15:40;-10,6
18.12.2009 15:45;-10,7
18.12.2009 15:50;-10,75
18.12.2009 15:55;-10,75
18.12.2009 16:00;-10,75
18.12.2009 16:05;-10,75
18.12.2009 16:10;-10,85
18.12.2009 16:15;-10,9
18.12.2009 16:20;-11
18.12.2009 16:25;-11,1
18.12.2009 16:30;-11,1
18.12.2009 16:35;-11,1
18.12.2009 16:40;-11,15
18.12.2009 16:45;-11,15
18.12.2009 16:50;-11,15
18.12.2009 16:55;-11,25
18.12.2009 17:00;-11,3
18.12.2009 17:05;-11,3
18.12.2009 17:10;-11,4
18.12.2009 17:15;-11,4
18.12.2009 17:20;-11,4
18.12.2009 17:25;-11,45
18.12.2009 17:30;-11,4
18.12.2009 17:35;-11,4
18.12.2009 17:40;-11,45
18.12.2009 17:45;-11,45
18.12.2009 17:50;-11,45
18.12.2009 17:55;-11,55
18.12.2009 18:00;-11,55
18.12.2009 18:05;-11,55
18.12.2009 18:10;-11,55
18.12.2009 18:15;-11,55
18.12.2009 18:20;-11,65
18.12.2009 18:25;-11,65
18.12.2009 18:30;-11,65
18.12.2009 18:35;-11,65
18.12.2009 18:40;-11,65
18.12.2009 18:45;-11,65
18.12.2009 18:50;-11,65
18.12.2009 18:55;-11,65
18.12.2009 19:00;-11,65
18.12.2009 19:05;-11,7
18.12.2009 19:10;-11,7
18.12.2009 19:15;-11,7
18.12.2009 19:20;-11,7
18.12.2009 19:25;-11,7
18.12.2009 19:30;-11,7
18.12.2009 19:35;-11,7
18.12.2009 19:40;-11,7
18.12.2009 19:45;-11,7
18.12.2009 19:50;-11,7
18.12.2009 19:55;-11,7
18.12.2009 20:00;-11,65
18.12.2009 20:05;-11,65
18.12.2009 20:10;-11,65
18.12.2009 20:15;-11,65
18.12.2009 20:20;-11,65
18.12.2009 20:25;-11,55
18.12.2009 20:30;-11,65
18.12.2009 20:35;-11,65
18.12.2009 20:40;-11,65
18.12.2009 20:45;-11,65
18.12.2009 20:50;-11,65
18.12.2009 20:55;-11,65
18.12.2009 21:00;-11,65
18.12.2009 21:05;-11,55
18.12.2009 21:10;-11,55
18.12.2009 21:15;-11,55
18.12.2009 21:20;-11,55
18.12.2009 21:25;-11,55
18.12.2009 21:30;-11,55
18.12.2009 21:35;-11,55
18.12.2009 21:40;-11,55
18.12.2009 21:45;-11,65
18.12.2009 21:50;-11,55
18.12.2009 21:55;-11,55
18.12.2009 22:00;-11,55
18.12.2009 22:05;-11,55
18.12.2009 22:10;-11,55
18.12.2009 22:15;-11,55
18.12.2009 22:20;-11,55
18.12.2009 22:25;-11,65
18.12.2009 22:30;-11,65
18.12.2009 22:35;-11,65
18.12.2009 22:40;-11,7
18.12.2009 22:45;-11,7
18.12.2009 22:50;-11,7
18.12.2009 22:55;-11,7
18.12.2009 23:00;-11,7
18.12.2009 23:05;-11,7
18.12.2009 23:10;-11,8
18.12.2009 23:15;-11,7
18.12.2009 23:20;-11,7
18.12.2009 23:25;-11,7
18.12.2009 23:30;-11,7
18.12.2009 23:35;-11,8
18.12.2009 23:40;-11,8
18.12.2009 23:45;-11,8
18.12.2009 23:50;-11,8
18.12.2009 23:55;-11,85
19.12.2009 00:00;-11,85
19.12.2009 00:05;-11,95
19.12.2009 00:10;-11,95
19.12.2009 00:15;-12,05
19.12.2009 00:20;-12,1
19.12.2009 00:25;-12,1
19.12.2009 00:30;-12,2
19.12.2009 00:35;-12,25
19.12.2009 00:40;-12,25
19.12.2009 00:45;-12,35
19.12.2009 00:50;-12,35
19.12.2009 00:55;-12,35
19.12.2009 01:00;-12,35
19.12.2009 01:05;-12,25
19.12.2009 01:10;-12,25
19.12.2009 01:15;-12,25
19.12.2009 01:20;-12,25
19.12.2009 01:25;-12,2
19.12.2009 01:30;-12,2
19.12.2009 01:35;-12,2
19.12.2009 01:40;-12,1
19.12.2009 01:45;-12,1
19.12.2009 01:50;-12,1
19.12.2009 01:55;-12,1
19.12.2009 02:00;-12,05
19.12.2009 02:05;-12,05
19.12.2009 02:10;-12,05
19.12.2009 02:15;-12,05
19.12.2009 02:20;-12,05
19.12.2009 02:25;-12,1
19.12.2009 02:30;-12,1
19.12.2009 02:35;-12,1
19.12.2009 02:40;-12,2
19.12.2009 02:45;-12,2
19.12.2009 02:50;-12,2
19.12.2009 02:55;-12,25
19.12.2009 03:00;-12,25
19.12.2009 03:05;-12,25
19.12.2009 03:10;-12,35
19.12.2009 03:15;-12,35
19.12.2009 03:20;-12,45
19.12.2009 03:25;-12,45
19.12.2009 03:30;-12,45
19.12.2009 03:35;-12,45
19.12.2009 03:40;-12,5
19.12.2009 03:45;-12,5
19.12.2009 03:50;-12,5
19.12.2009 03:55;-12,6
19.12.2009 04:00;-12,6
19.12.2009 04:05;-12,6
19.12.2009 04:10;-12,6
19.12.2009 04:15;-12,6
19.12.2009 04:20;-12,6
19.12.2009 04:25;-12,6
19.12.2009 04:30;-12,6
19.12.2009 04:35;-12,5
19.12.2009 04:40;-12,5
19.12.2009 04:45;-12,5
19.12.2009 04:50;-12,5
19.12.2009 04:55;-12,6
19.12.2009 05:00;-12,6
19.12.2009 05:05;-12,6
19.12.2009 05:10;-12,6
19.12.2009 05:15;-12,6
19.12.2009 05:20;-12,6
19.12.2009 05:25;-12,6
19.12.2009 05:30;-12,5
19.12.2009 05:35;-12,6
19.12.2009 05:40;-12,5
19.12.2009 05:45;-12,6
19.12.2009 05:50;-12,6
19.12.2009 05:55;-12,6
19.12.2009 06:00;-12,6
19.12.2009 06:05;-12,5
19.12.2009 06:10;-12,6
19.12.2009 06:15;-12,6
19.12.2009 06:20;-12,5
19.12.2009 06:25;-12,45
19.12.2009 06:30;-12,5
19.12.2009 06:35;-12,45
19.12.2009 06:40;-12,45
19.12.2009 06:45;-12,45
19.12.2009 06:50;-12,5
19.12.2009 06:55;-12,5
19.12.2009 07:00;-12,6
19.12.2009 07:05;-12,65
19.12.2009 07:10;-12,75
19.12.2009 07:15;-12,85
19.12.2009 07:20;-12,85
19.12.2009 07:25;-12,9
19.12.2009 07:30;-12,9
19.12.2009 07:35;-12,9
19.12.2009 07:40;-12,9
19.12.2009 07:45;-12,9
19.12.2009 07:50;-12,85
19.12.2009 07:55;-12,75
19.12.2009 08:00;-12,75
19.12.2009 08:05;-12,65
19.12.2009 08:10;-12,65
19.12.2009 08:15;-12,65
19.12.2009 08:20;-12,6
19.12.2009 08:25;-12,6
19.12.2009 08:30;-12,5
19.12.2009 08:35;-12,5
19.12.2009 08:40;-12,45
19.12.2009 08:45;-12,35
19.12.2009 08:50;-12,35
19.12.2009 08:55;-12,35
19.12.2009 09:00;-12,25
19.12.2009 09:05;-12,25
19.12.2009 09:10;-12,2
19.12.2009 09:15;-12,1
19.12.2009 09:20;-12,05
19.12.2009 09:25;-11,95
19.12.2009 09:30;-11,85
19.12.2009 09:35;-11,8
19.12.2009 09:40;-11,8
19.12.2009 09:45;-11,7
19.12.2009 09:50;-11,7
19.12.2009 09:55;-11,65
19.12.2009 10:00;-11,65
19.12.2009 10:05;-11,55
19.12.2009 10:10;-11,45
19.12.2009 10:15;-11,4
19.12.2009 10:20;-11,4
19.12.2009 10:25;-11,3
19.12.2009 10:30;-11,25
19.12.2009 10:35;-11,15
19.12.2009 10:40;-11,1
19.12.2009 10:45;-11
19.12.2009 10:50;-11
19.12.2009 10:55;-11
19.12.2009 11:00;-11
19.12.2009 11:05;-10,9
19.12.2009 11:10;-10,9
19.12.2009 11:15;-10,85
19.12.2009 11:20;-10,85
19.12.2009 11:25;-10,75
19.12.2009 11:30;-10,75
19.12.2009 11:35;-10,75
19.12.2009 11:40;-10,75
19.12.2009 11:45;-10,75
19.12.2009 11:50;-10,7
19.12.2009 11:55;-10,7
19.12.2009 12:00;-10,7
19.12.2009 12:05;-10,6
19.12.2009 12:10;-10,7
19.12.2009 12:15;-10,7
19.12.2009 12:20;-10,7
19.12.2009 12:25;-10,6
19.12.2009 12:30;-10,6
19.12.2009 12:35;-10,5
19.12.2009 12:40;-10,5
19.12.2009 12:45;-10,5
19.12.2009 12:50;-10,5
19.12.2009 12:55;-10,5
19.12.2009 13:00;-10,45
19.12.2009 13:05;-10,35
19.12.2009 13:10;-10,35
19.12.2009 13:15;-10,35
19.12.2009 13:20;-10,35
19.12.2009 13:25;-10,45
19.12.2009 13:30;-10,5
19.12.2009 13:35;-10,5
19.12.2009 13:40;-10,6
19.12.2009 13:45;-10,75
19.12.2009 13:50;-10,75
19.12.2009 13:55;-10,85
19.12.2009 14:00;-11
19.12.2009 14:05;-11,1
19.12.2009 14:10;-11,15
19.12.2009 14:15;-11,25
19.12.2009 14:20;-11,3
19.12.2009 14:25;-11,3
19.12.2009 14:30;-11,3
19.12.2009 14:35;-11,3
19.12.2009 14:40;-11,3
19.12.2009 14:45;-11,3
19.12.2009 14:50;-11,3
19.12.2009 14:55;-11,25
19.12.2009 15:00;-11,3
19.12.2009 15:05;-11,3
19.12.2009 15:10;-11,25
19.12.2009 15:15;-11,15
19.12.2009 15:20;-11,25
19.12.2009 15:25;-11,25
19.12.2009 15:30;-11,3
19.12.2009 15:35;-11,3
19.12.2009 15:40;-11,3
19.12.2009 15:45;-11,3
19.12.2009 15:50;-11,3
19.12.2009 15:55;-11,3
19.12.2009 16:00;-11,3
19.12.2009 16:05;-11,3
19.12.2009 16:10;-11,3
19.12.2009 16:15;-11,3
19.12.2009 16:20;-11,4
19.12.2009 16:25;-11,4
19.12.2009 16:30;-11,4
19.12.2009 16:35;-11,45
19.12.2009 16:40;-11,45
19.12.2009 16:45;-11,45
19.12.2009 16:50;-11,45
19.12.2009 16:55;-11,4
19.12.2009 17:00;-11,4
19.12.2009 17:05;-11,4
19.12.2009 17:10;-11,4
19.12.2009 17:15;-11,4
19.12.2009 17:20;-11,4
19.12.2009 17:25;-11,4
19.12.2009 17:30;-11,4
19.12.2009 17:35;-11,4
19.12.2009 17:40;-11,4
19.12.2009 17:45;-11,4
19.12.2009 17:50;-11,4
19.12.2009 17:55;-11,45
19.12.2009 18:00;-11,45
19.12.2009 18:05;-11,45
19.12.2009 18:10;-11,45
19.12.2009 18:15;-11,55
19.12.2009 18:20;-11,45
19.12.2009 18:25;-11,45
19.12.2009 18:30;-11,45
19.12.2009 18:35;-11,55
19.12.2009 18:40;-11,55
19.12.2009 18:45;-11,55
19.12.2009 18:50;-11,55
19.12.2009 18:55;-11,55
19.12.2009 19:00;-11,65
19.12.2009 19:05;-11,65
19.12.2009 19:10;-11,65
19.12.2009 19:15;-11,65
19.12.2009 19:20;-11,55
19.12.2009 19:25;-11,65
19.12.2009 19:30;-11,55
19.12.2009 19:35;-11,55
19.12.2009 19:40;-11,65
19.12.2009 19:45;-11,55
19.12.2009 19:50;-11,55
19.12.2009 19:55;-11,55
19.12.2009 20:00;-11,65
19.12.2009 20:05;-11,65
19.12.2009 20:10;-11,55
19.12.2009 20:15;-11,55
19.12.2009 20:20;-11,55
19.12.2009 20:25;-11,55
19.12.2009 20:30;-11,55
19.12.2009 20:35;-11,55
19.12.2009 20:40;-11,55
19.12.2009 20:45;-11,55
19.12.2009 20:50;-11,55
19.12.2009 20:55;-11,55
19.12.2009 21:00;-11,55
19.12.2009 21:05;-11,55
19.12.2009 21:10;-11,55
19.12.2009 21:15;-11,45
19.12.2009 21:20;-11,45
19.12.2009 21:25;-11,45
19.12.2009 21:30;-11,45
19.12.2009 21:35;-11,55
19.12.2009 21:40;-11,55
19.12.2009 21:45;-11,45
19.12.2009 21:50;-11,55
19.12.2009 21:55;-11,65
19.12.2009 22:00;-11,65
19.12.2009 22:05;-11,65
19.12.2009 22:10;-11,55
19.12.2009 22:15;-11,55
19.12.2009 22:20;-11,55
19.12.2009 22:25;-11,65
19.12.2009 22:30;-11,65
19.12.2009 22:35;-11,65
19.12.2009 22:40;-11,65
19.12.2009 22:45;-11,65
19.12.2009 22:50;-11,65
19.12.2009 22:55;-11,65
19.12.2009 23:00;-11,65
19.12.2009 23:05;-11,65
19.12.2009 23:10;-11,65
19.12.2009 23:15;-11,65
19.12.2009 23:20;-11,7
19.12.2009 23:25;-11,7
19.12.2009 23:30;-11,7
19.12.2009 23:35;-11,65
19.12.2009 23:40;-11,7
19.12.2009 23:45;-11,65
19.12.2009 23:50;-11,7
19.12.2009 23:55;-11,7
20.12.2009 00:00;-11,7
20.12.2009 00:05;-11,7
20.12.2009 00:10;-11,7
20.12.2009 00:15;-11,7
20.12.2009 00:20;-11,7
20.12.2009 00:25;-11,7
20.12.2009 00:30;-11,7
20.12.2009 00:35;-11,7
20.12.2009 00:40;-11,8
20.12.2009 00:45;-11,8
20.12.2009 00:50;-11,8
20.12.2009 00:55;-11,8
20.12.2009 01:00;-11,8
20.12.2009 01:05;-11,7
20.12.2009 01:10;-11,7
20.12.2009 01:15;-11,7
20.12.2009 01:20;-11,8
20.12.2009 01:25;-11,8
20.12.2009 01:30;-11,8
20.12.2009 01:35;-11,8
20.12.2009 01:40;-11,8
20.12.2009 01:45;-11,8
20.12.2009 01:50;-11,8
20.12.2009 01:55;-11,85
20.12.2009 02:00;-11,8
20.12.2009 02:05;-11,8
20.12.2009 02:10;-11,8
20.12.2009 02:15;-11,8
20.12.2009 02:20;-11,8
20.12.2009 02:25;-11,8
20.12.2009 02:30;-11,85
20.12.2009 02:35;-11,85
20.12.2009 02:40;-11,85
20.12.2009 02:45;-11,85
20.12.2009 02:50;-11,85
20.12.2009 02:55;-11,85
20.12.2009 03:00;-11,85
20.12.2009 03:05;-11,85
20.12.2009 03:10;-11,85
20.12.2009 03:15;-11,8
20.12.2009 03:20;-11,85
20.12.2009 03:25;-11,85
20.12.2009 03:30;-11,85
20.12.2009 03:35;-11,85
20.12.2009 03:40;-11,8
20.12.2009 03:45;-11,8
20.12.2009 03:50;-11,8
20.12.2009 03:55;-11,8
20.12.2009 04:00;-11,8
20.12.2009 04:05;-11,85
20.12.2009 04:10;-11,85
20.12.2009 04:15;-11,85
20.12.2009 04:20;-11,85
20.12.2009 04:25;-11,85
20.12.2009 04:30;-11,85
20.12.2009 04:35;-11,8
20.12.2009 04:40;-11,8
20.12.2009 04:45;-11,8
20.12.2009 04:50;-11,8
20.12.2009 04:55;-11,8
20.12.2009 05:00;-11,8
20.12.2009 05:05;-11,8
20.12.2009 05:10;-11,7
20.12.2009 05:15;-11,8
20.12.2009 05:20;-11,8
20.12.2009 05:25;-11,8
20.12.2009 05:30;-11,8
20.12.2009 05:35;-11,7
20.12.2009 05:40;-11,8
20.12.2009 05:45;-11,7
20.12.2009 05:50;-11,7
20.12.2009 05:55;-11,8
20.12.2009 06:00;-11,7
20.12.2009 06:05;-11,7
20.12.2009 06:10;-11,7
20.12.2009 06:15;-11,7
20.12.2009 06:20;-11,7
20.12.2009 06:25;-11,65
20.12.2009 06:30;-11,65
20.12.2009 06:35;-11,55
20.12.2009 06:40;-11,45
20.12.2009 06:45;-11,45
20.12.2009 06:50;-11,45
20.12.2009 06:55;-11,45
20.12.2009 07:00;-11,4
20.12.2009 07:05;-11,4
20.12.2009 07:10;-11,3
20.12.2009 07:15;-11,3
20.12.2009 07:20;-11,25
20.12.2009 07:25;-11,15
20.12.2009 07:30;-11,1
20.12.2009 07:35;-11
20.12.2009 07:40;-11
20.12.2009 07:45;-10,9
20.12.2009 07:50;-10,85
20.12.2009 07:55;-10,85
20.12.2009 08:00;-10,85
20.12.2009 08:05;-10,85
20.12.2009 08:10;-10,75
20.12.2009 08:15;-10,75
20.12.2009 08:20;-10,75
20.12.2009 08:25;-10,75
20.12.2009 08:30;-10,75
20.12.2009 08:35;-10,75
20.12.2009 08:40;-10,75
20.12.2009 08:45;-10,75
20.12.2009 08:50;-10,75
20.12.2009 08:55;-10,75
20.12.2009 09:00;-10,75
20.12.2009 09:05;-10,75
20.12.2009 09:10;-10,7
20.12.2009 09:15;-10,7
20.12.2009 09:20;-10,6
20.12.2009 09:25;-10,6
20.12.2009 09:30;-10,6
20.12.2009 09:35;-10,5
20.12.2009 09:40;-10,5
20.12.2009 09:45;-10,45
20.12.2009 09:50;-10,45
20.12.2009 09:55;-10,3
20.12.2009 10:00;-10,3
20.12.2009 10:05;-10,2
20.12.2009 10:10;-10,1
20.12.2009 10:15;-10,1
20.12.2009 10:20;-9,95
20.12.2009 10:25;-9,95
20.12.2009 10:30;-9,9
20.12.2009 10:35;-9,8
20.12.2009 10:40;-9,8
20.12.2009 10:45;-9,7
20.12.2009 10:50;-9,7
20.12.2009 10:55;-9,7
20.12.2009 11:00;-9,7
20.12.2009 11:05;-9,7
20.12.2009 11:10;-9,7
20.12.2009 11:15;-9,7
20.12.2009 11:20;-9,7
20.12.2009 11:25;-9,7
20.12.2009 11:30;-9,7
20.12.2009 11:35;-9,8
20.12.2009 11:40;-9,9
20.12.2009 11:45;-9,95
20.12.2009 11:50;-10,05
20.12.2009 11:55;-10,1
20.12.2009 12:00;-10,1
20.12.2009 12:05;-10,1
20.12.2009 12:10;-10,05
20.12.2009 12:15;-10,1
20.12.2009 12:20;-10,1
20.12.2009 12:25;-10,2
20.12.2009 12:30;-10,2
20.12.2009 12:35;-10,3
20.12.2009 12:40;-10,3
20.12.2009 12:45;-10,3
20.12.2009 12:50;-10,2
20.12.2009 12:55;-10,2
20.12.2009 13:00;-10,2
20.12.2009 13:05;-10,2
20.12.2009 13:10;-10,2
20.12.2009 13:15;-10,2
20.12.2009 13:20;-10,2
20.12.2009 13:25;-10,1
20.12.2009 13:30;-10,1
20.12.2009 13:35;-10,1
20.12.2009 13:40;-10,05
20.12.2009 13:45;-9,95
20.12.2009 13:50;-9,8
20.12.2009 13:55;-9,7
20.12.2009 14:00;-9,7
20.12.2009 14:05;-9,7
20.12.2009 14:10;-9,8
20.12.2009 14:15;-9,8
20.12.2009 14:20;-9,9
20.12.2009 14:25;-9,95
20.12.2009 14:30;-9,95
20.12.2009 14:35;-10,05
20.12.2009 14:40;-10,05
20.12.2009 14:45;-10,1
20.12.2009 14:50;-10,1
20.12.2009 14:55;-10,2
20.12.2009 15:00;-10,2
20.12.2009 15:05;-10,2
20.12.2009 15:10;-10,3
20.12.2009 15:15;-10,35
20.12.2009 15:20;-10,45
20.12.2009 15:25;-10,5
20.12.2009 15:30;-10,6
20.12.2009 15:35;-10,7
20.12.2009 15:40;-10,75
20.12.2009 15:45;-10,85
20.12.2009 15:50;-10,9
20.12.2009 15:55;-11
20.12.2009 16:00;-11,1
20.12.2009 16:05;-11,15
20.12.2009 16:10;-11,25
20.12.2009 16:15;-11,25
20.12.2009 16:20;-11,3
20.12.2009 16:25;-11,3
20.12.2009 16:30;-11,3
20.12.2009 16:35;-11,3
20.12.2009 16:40;-11,3
20.12.2009 16:45;-11,4
20.12.2009 16:50;-11,45
20.12.2009 16:55;-11,55
20.12.2009 17:00;-11,65
20.12.2009 17:05;-11,7
20.12.2009 17:10;-11,8
20.12.2009 17:15;-11,95
20.12.2009 17:20;-12,05
20.12.2009 17:25;-12,2
20.12.2009 17:30;-12,35
20.12.2009 17:35;-12,45
20.12.2009 17:40;-12,5
20.12.2009 17:45;-12,65
20.12.2009 17:50;-12,75
20.12.2009 17:55;-12,75
20.12.2009 18:00;-12,85
20.12.2009 18:05;-12,9
20.12.2009 18:10;-12,9
20.12.2009 18:15;-13
20.12.2009 18:20;-13,05
20.12.2009 18:25;-13,05
20.12.2009 18:30;-13,15
20.12.2009 18:35;-13,25
20.12.2009 18:40;-13,3
20.12.2009 18:45;-13,3
20.12.2009 18:50;-13,4
20.12.2009 18:55;-13,45
20.12.2009 19:00;-13,55
20.12.2009 19:05;-13,55
20.12.2009 19:10;-13,65
20.12.2009 19:15;-13,7
20.12.2009 19:20;-13,7
20.12.2009 19:25;-13,8
20.12.2009 19:30;-13,85
20.12.2009 19:35;-13,95
20.12.2009 19:40;-14
20.12.2009 19:45;-14,2
20.12.2009 19:50;-14,25
20.12.2009 19:55;-14,35
20.12.2009 20:00;-14,35
20.12.2009 20:05;-14,25
20.12.2009 20:10;-14,2
20.12.2009 20:15;-14,2
20.12.2009 20:20;-14,2
20.12.2009 20:25;-14,2
20.12.2009 20:30;-14,25
20.12.2009 20:35;-14,35
20.12.2009 20:40;-14,35
20.12.2009 20:45;-14,35
20.12.2009 20:50;-14,35
20.12.2009 20:55;-14,4
20.12.2009 21:00;-14,5
20.12.2009 21:05;-14,5
20.12.2009 21:10;-14,6
20.12.2009 21:15;-14,6
20.12.2009 21:20;-14,6
20.12.2009 21:25;-14,6
20.12.2009 21:30;-14,6
20.12.2009 21:35;-14,6
20.12.2009 21:40;-14,6
20.12.2009 21:45;-14,6
20.12.2009 21:50;-14,6
20.12.2009 21:55;-14,6
20.12.2009 22:00;-14,6
20.12.2009 22:05;-14,65
20.12.2009 22:10;-14,75
20.12.2009 22:15;-14,75
20.12.2009 22:20;-14,75
20.12.2009 22:25;-14,75
20.12.2009 22:30;-14,8
20.12.2009 22:35;-14,9
20.12.2009 22:40;-15
20.12.2009 22:45;-15,05
20.12.2009 22:50;-15,2
20.12.2009 22:55;-15,3
20.12.2009 23:00;-15,55
20.12.2009 23:05;-15,55
20.12.2009 23:10;-15,7
20.12.2009 23:15;-15,8
20.12.2009 23:20;-15,85
20.12.2009 23:25;-15,95
20.12.2009 23:30;-16
20.12.2009 23:35;-16
20.12.2009 23:40;-16,1
20.12.2009 23:45;-16,1
20.12.2009 23:50;-16,1
20.12.2009 23:55;-16,2
21.12.2009 00:00;-16,2
21.12.2009 00:05;-16,2
21.12.2009 00:10;-16,2
21.12.2009 00:15;-16,1
21.12.2009 00:20;-16,1
21.12.2009 00:25;-16,1
21.12.2009 00:30;-16,1
21.12.2009 00:35;-16,1
21.12.2009 00:40;-16,1
21.12.2009 00:45;-16,1
21.12.2009 00:50;-16,1
21.12.2009 00:55;-16,2
21.12.2009 01:00;-16,2
21.12.2009 01:05;-16,2
21.12.2009 01:10;-16,1
21.12.2009 01:15;-16,1
21.12.2009 01:20;-16,1
21.12.2009 01:25;-16,1
21.12.2009 01:30;-16,1
21.12.2009 01:35;-16,2
21.12.2009 01:40;-16,25
21.12.2009 01:45;-16,25
21.12.2009 01:50;-16,25
21.12.2009 01:55;-16,25
21.12.2009 02:00;-16,25
21.12.2009 02:05;-16,25
21.12.2009 02:10;-16,2
21.12.2009 02:15;-16,1
21.12.2009 02:20;-16,1
21.12.2009 02:25;-16,1
21.12.2009 02:30;-16
21.12.2009 02:35;-16
21.12.2009 02:40;-15,95
21.12.2009 02:45;-15,85
21.12.2009 02:50;-15,8
21.12.2009 02:55;-15,7
21.12.2009 03:00;-15,7
21.12.2009 03:05;-15,55
21.12.2009 03:10;-15,55
21.12.2009 03:15;-15,4
21.12.2009 03:20;-15,3
21.12.2009 03:25;-15,15
21.12.2009 03:30;-15,05
21.12.2009 03:35;-14,9
21.12.2009 03:40;-14,8
21.12.2009 03:45;-14,75
21.12.2009 03:50;-14,6
21.12.2009 03:55;-14,6
21.12.2009 04:00;-14,4
21.12.2009 04:05;-14,35
21.12.2009 04:10;-14,2
21.12.2009 04:15;-14
21.12.2009 04:20;-13,95
21.12.2009 04:25;-13,8
21.12.2009 04:30;-13,7
21.12.2009 04:35;-13,65
21.12.2009 04:40;-13,65
21.12.2009 04:45;-13,55
21.12.2009 04:50;-13,45
21.12.2009 04:55;-13,4
21.12.2009 05:00;-13,3
21.12.2009 05:05;-13,25
21.12.2009 05:10;-13,15
21.12.2009 05:15;-13,05
21.12.2009 05:20;-13,05
21.12.2009 05:25;-13
21.12.2009 05:30;-13
21.12.2009 05:35;-12,9
21.12.2009 05:40;-12,9
21.12.2009 05:45;-12,75
21.12.2009 05:50;-12,65
21.12.2009 05:55;-12,65
21.12.2009 06:00;-12,5
21.12.2009 06:05;-12,45
21.12.2009 06:10;-12,45
21.12.2009 06:15;-12,45
21.12.2009 06:20;-12,5
21.12.2009 06:25;-12,6
21.12.2009 06:30;-12,65
21.12.2009 06:35;-12,75
21.12.2009 06:40;-12,75
21.12.2009 06:45;-12,75
21.12.2009 06:50;-12,65
21.12.2009 06:55;-12,65
21.12.2009 07:00;-12,65
21.12.2009 07:05;-12,5
21.12.2009 07:10;-12,45
21.12.2009 07:15;-12,25
21.12.2009 07:20;-12,1
21.12.2009 07:25;-11,95
21.12.2009 07:30;-11,85
21.12.2009 07:35;-11,7
21.12.2009 07:40;-11,7
21.12.2009 07:45;-11,7
21.12.2009 07:50;-11,65
21.12.2009 07:55;-11,55
21.12.2009 08:00;-11,45
21.12.2009 08:05;-11,4
21.12.2009 08:10;-11,3
21.12.2009 08:15;-11,15
21.12.2009 08:20;-11,1
21.12.2009 08:25;-10,9
21.12.2009 08:30;-10,75
21.12.2009 08:35;-10,6
21.12.2009 08:40;-10,3
21.12.2009 08:45;-10,05
21.12.2009 08:50;-9,8
21.12.2009 08:55;-9,65
21.12.2009 09:00;-9,5
21.12.2009 09:05;-9,3
21.12.2009 09:10;-9,15
21.12.2009 09:15;-9,1
21.12.2009 09:20;-8,9
21.12.2009 09:25;-8,75
21.12.2009 09:30;-8,6
21.12.2009 09:35;-8,3
21.12.2009 09:40;-7,9
21.12.2009 09:45;-7,4
21.12.2009 09:50;-6,95
21.12.2009 09:55;-6,45
21.12.2009 10:00;-6,2
21.12.2009 10:05;-6,05
21.12.2009 10:10;-5,8
21.12.2009 10:15;-5,65
21.12.2009 10:20;-5,4
21.12.2009 10:25;-5
21.12.2009 10:30;-4,8
21.12.2009 10:35;-4,4
21.12.2009 10:40;-4,15
21.12.2009 10:45;-3,9
21.12.2009 10:50;-3,75
21.12.2009 10:55;-3,5
21.12.2009 11:00;-3,45
21.12.2009 11:05;-3,25
21.12.2009 11:10;-3,1
21.12.2009 11:15;-3,05
21.12.2009 11:20;-2,85
21.12.2009 11:25;-2,7
21.12.2009 11:30;-2,55
21.12.2009 11:35;-2,45
21.12.2009 11:40;-2,4
21.12.2009 11:45;-2,3
21.12.2009 11:50;-2,3
21.12.2009 11:55;-2,25
21.12.2009 12:00;-2,15
21.12.2009 12:05;-2,05
21.12.2009 12:10;-2,05
21.12.2009 12:15;-2,05
21.12.2009 12:20;-2,05
21.12.2009 12:25;-2,05
21.12.2009 12:30;-2
21.12.2009 12:35;-1,9
21.12.2009 12:40;-1,85
21.12.2009 12:45;-1,75
21.12.2009 12:50;-1,75
21.12.2009 12:55;-1,65
21.12.2009 13:00;-1,65
21.12.2009 13:05;-1,6
21.12.2009 13:10;-1,5
21.12.2009 13:15;-1,45
21.12.2009 13:20;-1,45
21.12.2009 13:25;-1,35
21.12.2009 13:30;-1,25
21.12.2009 13:35;-1,2
21.12.2009 13:40;-1,1
21.12.2009 13:45;-1,05
21.12.2009 13:50;-1,05
21.12.2009 13:55;-0,95
21.12.2009 14:00;-0,8
21.12.2009 14:05;-0,9
21.12.2009 14:10;-0,8
21.12.2009 14:15;-0,9
21.12.2009 14:20;-0,9
21.12.2009 14:25;-0,95
21.12.2009 14:30;-0,95
21.12.2009 14:35;-1,05
21.12.2009 14:40;-1,05
21.12.2009 14:45;-1,05
21.12.2009 14:50;-1,05
21.12.2009 14:55;-1,1
21.12.2009 15:00;-1,1
21.12.2009 15:05;-1,2
21.12.2009 15:10;-1,25
21.12.2009 15:15;-1,35
21.12.2009 15:20;-1,45
21.12.2009 15:25;-1,6
21.12.2009 15:30;-1,65
21.12.2009 15:35;-1,75
21.12.2009 15:40;-1,9
21.12.2009 15:45;-2,05
21.12.2009 15:50;-2,05
21.12.2009 15:55;-2,15
21.12.2009 16:00;-2,15
21.12.2009 16:05;-2,15
21.12.2009 16:10;-2,05
21.12.2009 16:15;-2,05
21.12.2009 16:20;-2,05
21.12.2009 16:25;-2,05
21.12.2009 16:30;-2,15
21.12.2009 16:35;-2,15
21.12.2009 16:40;-2,15
21.12.2009 16:45;-2,25
21.12.2009 16:50;-2,25
21.12.2009 16:55;-2,3
21.12.2009 17:00;-2,3
21.12.2009 17:05;-2,4
21.12.2009 17:10;-2,4
21.12.2009 17:15;-2,55
21.12.2009 17:20;-2,65
21.12.2009 17:25;-2,85
21.12.2009 17:30;-3,05
21.12.2009 17:35;-3,2
21.12.2009 17:40;-3,25
21.12.2009 17:45;-3,45
21.12.2009 17:50;-3,5
21.12.2009 17:55;-3,5
21.12.2009 18:00;-3,65
21.12.2009 18:05;-3,75
21.12.2009 18:10;-3,9
21.12.2009 18:15;-4,05
21.12.2009 18:20;-4,2
21.12.2009 18:25;-4,4
21.12.2009 18:30;-4,55
21.12.2009 18:35;-4,8
21.12.2009 18:40;-4,85
21.12.2009 18:45;-4,95
21.12.2009 18:50;-5
21.12.2009 18:55;-5,1
21.12.2009 19:00;-5,1
21.12.2009 19:05;-5,2
21.12.2009 19:10;-5,2
21.12.2009 19:15;-5,25
21.12.2009 19:20;-5,25
21.12.2009 19:25;-5,25
21.12.2009 19:30;-5,4
21.12.2009 19:35;-5,4
21.12.2009 19:40;-5,5
21.12.2009 19:45;-5,5
21.12.2009 19:50;-5,6
21.12.2009 19:55;-5,6
21.12.2009 20:00;-5,65
21.12.2009 20:05;-5,75
21.12.2009 20:10;-5,9
21.12.2009 20:15;-6
21.12.2009 20:20;-6,05
21.12.2009 20:25;-6,05
21.12.2009 20:30;-6,15
21.12.2009 20:35;-6,3
21.12.2009 20:40;-6,35
21.12.2009 20:45;-6,45
21.12.2009 20:50;-6,55
21.12.2009 20:55;-6,7
21.12.2009 21:00;-6,85
21.12.2009 21:05;-6,95
21.12.2009 21:10;-7
21.12.2009 21:15;-6,95
21.12.2009 21:20;-6,95
21.12.2009 21:25;-6,85
21.12.2009 21:30;-6,85
21.12.2009 21:35;-6,85
21.12.2009 21:40;-6,85
21.12.2009 21:45;-6,75
21.12.2009 21:50;-6,75
21.12.2009 21:55;-6,7
21.12.2009 22:00;-6,7
21.12.2009 22:05;-6,7
21.12.2009 22:10;-6,7
21.12.2009 22:15;-6,7
21.12.2009 22:20;-6,75
21.12.2009 22:25;-6,75
21.12.2009 22:30;-6,75
21.12.2009 22:35;-6,85
21.12.2009 22:40;-6,95
21.12.2009 22:45;-6,95
21.12.2009 22:50;-7
21.12.2009 22:55;-7
21.12.2009 23:00;-7
21.12.2009 23:05;-7
21.12.2009 23:10;-7,1
21.12.2009 23:15;-7,1
21.12.2009 23:20;-7,1
21.12.2009 23:25;-7,1
21.12.2009 23:30;-7,1
21.12.2009 23:35;-7,1
21.12.2009 23:40;-7
21.12.2009 23:45;-7
21.12.2009 23:50;-7
21.12.2009 23:55;-6,95
22.12.2009 00:00;-6,95
22.12.2009 00:05;-6,75
22.12.2009 00:10;-6,75
22.12.2009 00:15;-6,7
22.12.2009 00:20;-6,7
22.12.2009 00:25;-6,7
22.12.2009 00:30;-6,6
22.12.2009 00:35;-6,6
22.12.2009 00:40;-6,55
22.12.2009 00:45;-6,55
22.12.2009 00:50;-6,45
22.12.2009 00:55;-6,45
22.12.2009 01:00;-6,45
22.12.2009 01:05;-6,35
22.12.2009 01:10;-6,35
22.12.2009 01:15;-6,35
22.12.2009 01:20;-6,35
22.12.2009 01:25;-6,35
22.12.2009 01:30;-6,3
22.12.2009 01:35;-6,3
22.12.2009 01:40;-6,2
22.12.2009 01:45;-6,2
22.12.2009 01:50;-6,2
22.12.2009 01:55;-6,05
22.12.2009 02:00;-6,05
22.12.2009 02:05;-6
22.12.2009 02:10;-6
22.12.2009 02:15;-5,9
22.12.2009 02:20;-5,9
22.12.2009 02:25;-5,9
22.12.2009 02:30;-5,8
22.12.2009 02:35;-5,8
22.12.2009 02:40;-5,8
22.12.2009 02:45;-5,8
22.12.2009 02:50;-5,75
22.12.2009 02:55;-5,65
22.12.2009 03:00;-5,65
22.12.2009 03:05;-5,6
22.12.2009 03:10;-5,6
22.12.2009 03:15;-5,5
22.12.2009 03:20;-5,5
22.12.2009 03:25;-5,4
22.12.2009 03:30;-5,4
22.12.2009 03:35;-5,35
22.12.2009 03:40;-5,35
22.12.2009 03:45;-5,25
22.12.2009 03:50;-5,25
22.12.2009 03:55;-5,25
22.12.2009 04:00;-5,25
22.12.2009 04:05;-5,25
22.12.2009 04:10;-5,2
22.12.2009 04:15;-5,2
22.12.2009 04:20;-5,1
22.12.2009 04:25;-4,95
22.12.2009 04:30;-4,85
22.12.2009 04:35;-4,8
22.12.2009 04:40;-4,6
22.12.2009 04:45;-4,55
22.12.2009 04:50;-4,55
22.12.2009 04:55;-4,45
22.12.2009 05:00;-4,4
22.12.2009 05:05;-4,3
22.12.2009 05:10;-4,2
22.12.2009 05:15;-4,2
22.12.2009 05:20;-4,15
22.12.2009 05:25;-4,05
22.12.2009 05:30;-4
22.12.2009 05:35;-3,9
22.12.2009 05:40;-3,8
22.12.2009 05:45;-3,75
22.12.2009 05:50;-3,65
22.12.2009 05:55;-3,65
22.12.2009 06:00;-3,6
22.12.2009 06:05;-3,5
22.12.2009 06:10;-3,5
22.12.2009 06:15;-3,5
22.12.2009 06:20;-3,45
22.12.2009 06:25;-3,35
22.12.2009 06:30;-3,35
22.12.2009 06:35;-3,25
22.12.2009 06:40;-3,25
22.12.2009 06:45;-3,2
22.12.2009 06:50;-3,2
22.12.2009 06:55;-3,2
22.12.2009 07:00;-3,1
22.12.2009 07:05;-3,05
22.12.2009 07:10;-3,05
22.12.2009 07:15;-2,95
22.12.2009 07:20;-2,95
22.12.2009 07:25;-2,95
22.12.2009 07:30;-2,95
22.12.2009 07:35;-2,95
22.12.2009 07:40;-2,95
22.12.2009 07:45;-2,95
22.12.2009 07:50;-2,95
22.12.2009 07:55;-2,95
22.12.2009 08:00;-2,95
22.12.2009 08:05;-2,95
22.12.2009 08:10;-2,95
22.12.2009 08:15;-2,95
22.12.2009 08:20;-2,95
22.12.2009 08:25;-3,05
22.12.2009 08:30;-3,1
22.12.2009 08:35;-3,2
22.12.2009 08:40;-3,2
22.12.2009 08:45;-3,25
22.12.2009 08:50;-3,25
22.12.2009 08:55;-3,25
22.12.2009 09:00;-3,25
22.12.2009 09:05;-3,2
22.12.2009 09:10;-3,2
22.12.2009 09:15;-3,05
22.12.2009 09:20;-2,85
22.12.2009 09:25;-2,65
22.12.2009 09:30;-2,45
22.12.2009 09:35;-2,3
22.12.2009 09:40;-2,15
22.12.2009 09:45;-2
22.12.2009 09:50;-1,9
22.12.2009 09:55;-1,75
22.12.2009 10:00;-1,65
22.12.2009 10:05;-1,5
22.12.2009 10:10;-1,35
22.12.2009 10:15;-1,25
22.12.2009 10:20;-1,05
22.12.2009 10:25;-1,05
22.12.2009 10:30;-0,9
22.12.2009 10:35;-0,7
22.12.2009 10:40;-0,55
22.12.2009 10:45;-0,4
22.12.2009 10:50;-0,4
22.12.2009 10:55;-0,3
22.12.2009 11:00;-0,3
22.12.2009 11:05;-0,25
22.12.2009 11:10;-0,25
22.12.2009 11:15;-0,25
22.12.2009 11:20;-0,25
22.12.2009 11:25;-0,25
22.12.2009 11:30;-0,3
22.12.2009 11:35;-0,3
22.12.2009 11:40;-0,3
22.12.2009 11:45;-0,25
22.12.2009 11:50;-0,3
22.12.2009 11:55;-0,3
22.12.2009 12:00;-0,3
22.12.2009 12:05;-0,3
22.12.2009 12:10;-0,3
22.12.2009 12:15;-0,3
22.12.2009 12:20;-0,3
22.12.2009 12:25;-0,4
22.12.2009 12:30;-0,3
22.12.2009 12:35;-0,4
22.12.2009 12:40;-0,3
22.12.2009 12:45;-0,4
22.12.2009 12:50;-0,4
22.12.2009 12:55;-0,4
22.12.2009 13:00;-0,4
22.12.2009 13:05;-0,4
22.12.2009 13:10;-0,4
22.12.2009 13:15;-0,4
22.12.2009 13:20;-0,4
22.12.2009 13:25;-0,4
22.12.2009 13:30;-0,4
22.12.2009 13:35;-0,4
22.12.2009 13:40;-0,4
22.12.2009 13:45;-0,4
22.12.2009 13:50;-0,4
22.12.2009 13:55;-0,4
22.12.2009 14:00;-0,4
22.12.2009 14:05;-0,4
22.12.2009 14:10;-0,4
22.12.2009 14:15;-0,4
22.12.2009 14:20;-0,4
22.12.2009 14:25;-0,4
22.12.2009 14:30;-0,4
22.12.2009 14:35;-0,4
22.12.2009 14:40;-0,4
22.12.2009 14:45;-0,3
22.12.2009 14:50;-0,3
22.12.2009 14:55;-0,4
22.12.2009 15:00;-0,4
22.12.2009 15:05;-0,4
22.12.2009 15:10;-0,4
22.12.2009 15:15;-0,4
22.12.2009 15:20;-0,3
22.12.2009 15:25;-0,3
22.12.2009 15:30;-0,3
22.12.2009 15:35;-0,5
22.12.2009 15:40;-0,5
22.12.2009 15:45;-0,5
22.12.2009 15:50;-0,5
22.12.2009 15:55;-0,5
22.12.2009 16:00;-0,5
22.12.2009 16:05;-0,5
22.12.2009 16:10;-0,5
22.12.2009 16:15;-0,5
22.12.2009 16:20;-0,5
22.12.2009 16:25;-0,55
22.12.2009 16:30;-0,55
22.12.2009 16:35;-0,55
22.12.2009 16:40;-0,55
22.12.2009 16:45;-0,55
22.12.2009 16:50;-0,55
22.12.2009 16:55;-0,55
22.12.2009 17:00;-0,55
22.12.2009 17:05;-0,55
22.12.2009 17:10;-0,55
22.12.2009 17:15;-0,55
22.12.2009 17:20;-0,55
22.12.2009 17:25;-0,55
22.12.2009 17:30;-0,55
22.12.2009 17:35;-0,55
22.12.2009 17:40;-0,55
22.12.2009 17:45;-0,55
22.12.2009 17:50;-0,55
22.12.2009 17:55;-0,55
22.12.2009 18:00;-0,55
22.12.2009 18:05;-0,55
22.12.2009 18:10;-0,65
22.12.2009 18:15;-0,55
22.12.2009 18:20;-0,55
22.12.2009 18:25;-0,65
22.12.2009 18:30;-0,65
22.12.2009 18:35;-0,55
22.12.2009 18:40;-0,55
22.12.2009 18:45;-0,65
22.12.2009 18:50;-0,55
22.12.2009 18:55;-0,65
22.12.2009 19:00;-0,65
22.12.2009 19:05;-0,65
22.12.2009 19:10;-0,65
22.12.2009 19:15;-0,65
22.12.2009 19:20;-0,65
22.12.2009 19:25;-0,55
22.12.2009 19:30;-0,65
22.12.2009 19:35;-0,55
22.12.2009 19:40;-0,65
22.12.2009 19:45;-0,65
22.12.2009 19:50;-0,65
22.12.2009 19:55;-0,65
22.12.2009 20:00;-0,65
22.12.2009 20:05;-0,65
22.12.2009 20:10;-0,65
22.12.2009 20:15;-0,65
22.12.2009 20:20;-0,65
22.12.2009 20:25;-0,55
22.12.2009 20:30;-0,55
22.12.2009 20:35;-0,55
22.12.2009 20:40;-0,55
22.12.2009 20:45;-0,65
22.12.2009 20:50;-0,65
22.12.2009 20:55;-0,65
22.12.2009 21:00;-0,65
22.12.2009 21:05;-0,65
22.12.2009 21:10;-0,65
22.12.2009 21:15;-0,65
22.12.2009 21:20;-0,65
22.12.2009 21:25;-0,65
22.12.2009 21:30;-0,65
22.12.2009 21:35;-0,65
22.12.2009 21:40;-0,65
22.12.2009 21:45;-0,65
22.12.2009 21:50;-0,65
22.12.2009 21:55;-0,65
22.12.2009 22:00;-0,55
22.12.2009 22:05;-0,55
22.12.2009 22:10;-0,65
22.12.2009 22:15;-0,65
22.12.2009 22:20;-0,65
22.12.2009 22:25;-0,65
22.12.2009 22:30;-0,65
22.12.2009 22:35;-0,65
22.12.2009 22:40;-0,65
22.12.2009 22:45;-0,65
22.12.2009 22:50;-0,65
22.12.2009 22:55;-0,65
22.12.2009 23:00;-0,65
22.12.2009 23:05;-0,65
22.12.2009 23:10;-0,65
22.12.2009 23:15;-0,65
22.12.2009 23:20;-0,65
22.12.2009 23:25;-0,65
22.12.2009 23:30;-0,65
22.12.2009 23:35;-0,55
22.12.2009 23:40;-0,55
22.12.2009 23:45;-0,55
22.12.2009 23:50;-0,55
22.12.2009 23:55;-0,55
23.12.2009 00:00;-0,55
23.12.2009 00:05;-0,55
23.12.2009 00:10;-0,65
23.12.2009 00:15;-0,65
23.12.2009 00:20;-0,65
23.12.2009 00:25;-0,65
23.12.2009 00:30;-0,65
23.12.2009 00:35;-0,55
23.12.2009 00:40;-0,55
23.12.2009 00:45;-0,55
23.12.2009 00:50;-0,65
23.12.2009 00:55;-0,55
23.12.2009 01:00;-0,55
23.12.2009 01:05;-0,55
23.12.2009 01:10;-0,55
23.12.2009 01:15;-0,55
23.12.2009 01:20;-0,55
23.12.2009 01:25;-0,55
23.12.2009 01:30;-0,55
23.12.2009 01:35;-0,55
23.12.2009 01:40;-0,55
23.12.2009 01:45;-0,55
23.12.2009 01:50;-0,55
23.12.2009 01:55;-0,55
23.12.2009 02:00;-0,55
23.12.2009 02:05;-0,55
23.12.2009 02:10;-0,55
23.12.2009 02:15;-0,55
23.12.2009 02:20;-0,65
23.12.2009 02:25;-0,55
23.12.2009 02:30;-0,55
23.12.2009 02:35;-0,55
23.12.2009 02:40;-0,55
23.12.2009 02:45;-0,55
23.12.2009 02:50;-0,55
23.12.2009 02:55;-0,55
23.12.2009 03:00;-0,5
23.12.2009 03:05;-0,55
23.12.2009 03:10;-0,5
23.12.2009 03:15;-0,5
23.12.2009 03:20;-0,5
23.12.2009 03:25;-0,55
23.12.2009 03:30;-0,55
23.12.2009 03:35;-0,5
23.12.2009 03:40;-0,55
23.12.2009 03:45;-0,5
23.12.2009 03:50;-0,5
23.12.2009 03:55;-0,5
23.12.2009 04:00;-0,5
23.12.2009 04:05;-0,5
23.12.2009 04:10;-0,55
23.12.2009 04:15;-0,55
23.12.2009 04:20;-0,5
23.12.2009 04:25;-0,5
23.12.2009 04:30;-0,4
23.12.2009 04:35;-0,5
23.12.2009 04:40;-0,4
23.12.2009 04:45;-0,4
23.12.2009 04:50;-0,4
23.12.2009 04:55;-0,5
23.12.2009 05:00;-0,5
23.12.2009 05:05;-0,5
23.12.2009 05:10;-0,5
23.12.2009 05:15;-0,5
23.12.2009 05:20;-0,5
23.12.2009 05:25;-0,5
23.12.2009 05:30;-0,5
23.12.2009 05:35;-0,5
23.12.2009 05:40;-0,5
23.12.2009 05:45;-0,5
23.12.2009 05:50;-0,5
23.12.2009 05:55;-0,4
23.12.2009 06:00;-0,5
23.12.2009 06:05;-0,5
23.12.2009 06:10;-0,5
23.12.2009 06:15;-0,5
23.12.2009 06:20;-0,5
23.12.2009 06:25;-0,4
23.12.2009 06:30;-0,4
23.12.2009 06:35;-0,4
23.12.2009 06:40;-0,5
23.12.2009 06:45;-0,5
23.12.2009 06:50;-0,5
23.12.2009 06:55;-0,5
23.12.2009 07:00;-0,5
23.12.2009 07:05;-0,5
23.12.2009 07:10;-0,4
23.12.2009 07:15;-0,5
23.12.2009 07:20;-0,4
23.12.2009 07:25;-0,3
23.12.2009 07:30;-0,3
23.12.2009 07:35;-0,4
23.12.2009 07:40;-0,4
23.12.2009 07:45;-0,3
23.12.2009 07:50;-0,25
23.12.2009 07:55;-0,25
23.12.2009 08:00;-0,25
23.12.2009 08:05;-0,15
23.12.2009 08:10;-0,15
23.12.2009 08:15;-0,15
23.12.2009 08:20;-0,15
23.12.2009 08:25;-0,15
23.12.2009 08:30;-0,1
23.12.2009 08:35;-0,1
23.12.2009 08:40;-0,1
23.12.2009 08:45;0
23.12.2009 08:50;0,1
23.12.2009 08:55;0,15
23.12.2009 09:00;0,15
23.12.2009 09:05;0,15
23.12.2009 09:10;0,15
23.12.2009 09:15;0,25
23.12.2009 09:20;0,3
23.12.2009 09:25;0,3
23.12.2009 09:30;0,3
23.12.2009 09:35;0,4
23.12.2009 09:40;0,4
23.12.2009 09:45;0,5
23.12.2009 09:50;0,5
23.12.2009 09:55;0,5
23.12.2009 10:00;0,5
23.12.2009 10:05;0,5
23.12.2009 10:10;0,5
23.12.2009 10:15;0,55
23.12.2009 10:20;0,55
23.12.2009 10:25;0,55
23.12.2009 10:30;0,55
23.12.2009 10:35;0,65
23.12.2009 10:40;0,65
23.12.2009 10:45;0,7
23.12.2009 10:50;0,7
23.12.2009 10:55;0,8
23.12.2009 11:00;0,9
23.12.2009 11:05;1,05
23.12.2009 11:10;1,15
23.12.2009 11:15;1,2
23.12.2009 11:20;1,3
23.12.2009 11:25;1,3
23.12.2009 11:30;1,35
23.12.2009 11:35;1,35
23.12.2009 11:40;1,45
23.12.2009 11:45;1,55
23.12.2009 11:50;1,6
23.12.2009 11:55;1,7
23.12.2009 12:00;1,75
23.12.2009 12:05;1,95
23.12.2009 12:10;2
23.12.2009 12:15;2,15
23.12.2009 12:20;2,35
23.12.2009 12:25;2,6
23.12.2009 12:30;2,8
23.12.2009 12:35;3,05
23.12.2009 12:40;3,2
23.12.2009 12:45;3,4
23.12.2009 12:50;3,45
23.12.2009 12:55;3,55
23.12.2009 13:00;3,7
23.12.2009 13:05;3,7
23.12.2009 13:10;3,8
23.12.2009 13:15;3,85
23.12.2009 13:20;3,95
23.12.2009 13:25;3,95
23.12.2009 13:30;3,95
23.12.2009 13:35;4
23.12.2009 13:40;4
23.12.2009 13:45;4
23.12.2009 13:50;4,1
23.12.2009 13:55;4
23.12.2009 14:00;4,1
23.12.2009 14:05;4
23.12.2009 14:10;4
23.12.2009 14:15;4,1
23.12.2009 14:20;4,1
23.12.2009 14:25;4,2
23.12.2009 14:30;4,2
23.12.2009 14:35;4,2
23.12.2009 14:40;4,35
23.12.2009 14:45;4,45
23.12.2009 14:50;4,6
23.12.2009 14:55;4,75
23.12.2009 15:00;4,9
23.12.2009 15:05;5
23.12.2009 15:10;5,15
23.12.2009 15:15;5,25
23.12.2009 15:20;5,3
23.12.2009 15:25;5,4
23.12.2009 15:30;5,4
23.12.2009 15:35;5,55
23.12.2009 15:40;5,55
23.12.2009 15:45;5,55
23.12.2009 15:50;5,65
23.12.2009 15:55;5,7
23.12.2009 16:00;5,8
23.12.2009 16:05;5,85
23.12.2009 16:10;5,8
23.12.2009 16:15;5,7
23.12.2009 16:20;5,65
23.12.2009 16:25;5,55
23.12.2009 16:30;5,45
23.12.2009 16:35;5,4
23.12.2009 16:40;5,3
23.12.2009 16:45;5,25
23.12.2009 16:50;5,15
23.12.2009 16:55;5,05
23.12.2009 17:00;4,9
23.12.2009 17:05;4,85
23.12.2009 17:10;4,65
23.12.2009 17:15;4,6
23.12.2009 17:20;4,45
23.12.2009 17:25;4,35
23.12.2009 17:30;4,25
23.12.2009 17:35;4,2
23.12.2009 17:40;4,1
23.12.2009 17:45;4
23.12.2009 17:50;4
23.12.2009 17:55;3,95
23.12.2009 18:00;3,85
23.12.2009 18:05;3,8
23.12.2009 18:10;3,8
23.12.2009 18:15;3,7
23.12.2009 18:20;3,6
23.12.2009 18:25;3,45
23.12.2009 18:30;3,4
23.12.2009 18:35;3,3
23.12.2009 18:40;3,3
23.12.2009 18:45;3,2
23.12.2009 18:50;3,15
23.12.2009 18:55;3,05
23.12.2009 19:00;3,05
23.12.2009 19:05;3
23.12.2009 19:10;3
23.12.2009 19:15;2,9
23.12.2009 19:20;2,8
23.12.2009 19:25;2,8
23.12.2009 19:30;2,75
23.12.2009 19:35;2,75
23.12.2009 19:40;2,65
23.12.2009 19:45;2,65
23.12.2009 19:50;2,65
23.12.2009 19:55;2,6
23.12.2009 20:00;2,5
23.12.2009 20:05;2,5
23.12.2009 20:10;2,5
23.12.2009 20:15;2,4
23.12.2009 20:20;2,4
23.12.2009 20:25;2,4
23.12.2009 20:30;2,35
23.12.2009 20:35;2,35
23.12.2009 20:40;2,35
23.12.2009 20:45;2,25
23.12.2009 20:50;2,25
23.12.2009 20:55;2,25
23.12.2009 21:00;2,15
23.12.2009 21:05;2,15
23.12.2009 21:10;2,1
23.12.2009 21:15;2,1
23.12.2009 21:20;2,1
23.12.2009 21:25;2,1
23.12.2009 21:30;2
23.12.2009 21:35;2
23.12.2009 21:40;2
23.12.2009 21:45;2
23.12.2009 21:50;2
23.12.2009 21:55;1,95
23.12.2009 22:00;1,95
23.12.2009 22:05;1,95
23.12.2009 22:10;1,95
23.12.2009 22:15;1,85
23.12.2009 22:20;1,85
23.12.2009 22:25;1,85
23.12.2009 22:30;1,75
23.12.2009 22:35;1,75
23.12.2009 22:40;1,85
23.12.2009 22:45;1,85
23.12.2009 22:50;1,85
23.12.2009 22:55;1,85
23.12.2009 23:00;1,85
23.12.2009 23:05;1,75
23.12.2009 23:10;1,85
23.12.2009 23:15;1,85
23.12.2009 23:20;1,85
23.12.2009 23:25;1,75
23.12.2009 23:30;1,85
23.12.2009 23:35;1,75
23.12.2009 23:40;1,75
23.12.2009 23:45;1,7
23.12.2009 23:50;1,75
23.12.2009 23:55;1,7
24.12.2009 00:00;1,7
24.12.2009 00:05;1,7
24.12.2009 00:10;1,7
24.12.2009 00:15;1,6
24.12.2009 00:20;1,6
24.12.2009 00:25;1,6
24.12.2009 00:30;1,6
24.12.2009 00:35;1,6
24.12.2009 00:40;1,6
24.12.2009 00:45;1,6
24.12.2009 00:50;1,6
24.12.2009 00:55;1,6
24.12.2009 01:00;1,6
24.12.2009 01:05;1,6
24.12.2009 01:10;1,6
24.12.2009 01:15;1,6
24.12.2009 01:20;1,6
24.12.2009 01:25;1,6
24.12.2009 01:30;1,6
24.12.2009 01:35;1,7
24.12.2009 01:40;1,6
24.12.2009 01:45;1,7
24.12.2009 01:50;1,7
24.12.2009 01:55;1,7
24.12.2009 02:00;1,7
24.12.2009 02:05;1,7
24.12.2009 02:10;1,7
24.12.2009 02:15;1,7
24.12.2009 02:20;1,7
24.12.2009 02:25;1,7
24.12.2009 02:30;1,7
24.12.2009 02:35;1,7
24.12.2009 02:40;1,7
24.12.2009 02:45;1,7
24.12.2009 02:50;1,7
24.12.2009 02:55;1,7
24.12.2009 03:00;1,7
24.12.2009 03:05;1,7
24.12.2009 03:10;1,6
24.12.2009 03:15;1,6
24.12.2009 03:20;1,6
24.12.2009 03:25;1,6
24.12.2009 03:30;1,55
24.12.2009 03:35;1,55
24.12.2009 03:40;1,55
24.12.2009 03:45;1,55
24.12.2009 03:50;1,55
24.12.2009 03:55;1,55
24.12.2009 04:00;1,55
24.12.2009 04:05;1,55
24.12.2009 04:10;1,55
24.12.2009 04:15;1,55
24.12.2009 04:20;1,55
24.12.2009 04:25;1,45
24.12.2009 04:30;1,45
24.12.2009 04:35;1,55
24.12.2009 04:40;1,55
24.12.2009 04:45;1,45
24.12.2009 04:50;1,45
24.12.2009 04:55;1,45
24.12.2009 05:00;1,35
24.12.2009 05:05;1,35
24.12.2009 05:10;1,35
24.12.2009 05:15;1,35
24.12.2009 05:20;1,35
24.12.2009 05:25;1,3
24.12.2009 05:30;1,3
24.12.2009 05:35;1,3
24.12.2009 05:40;1,3
24.12.2009 05:45;1,2
24.12.2009 05:50;1,2
24.12.2009 05:55;1,2
24.12.2009 06:00;1,2
24.12.2009 06:05;1,15
24.12.2009 06:10;1,15
24.12.2009 06:15;1,15
24.12.2009 06:20;1,15
24.12.2009 06:25;1,05
24.12.2009 06:30;1,15
24.12.2009 06:35;1,05
24.12.2009 06:40;1,05
24.12.2009 06:45;1,05
24.12.2009 06:50;0,95
24.12.2009 06:55;0,95
24.12.2009 07:00;0,95
24.12.2009 07:05;0,95
24.12.2009 07:10;0,95
24.12.2009 07:15;0,95
24.12.2009 07:20;0,95
24.12.2009 07:25;0,95
24.12.2009 07:30;0,95
24.12.2009 07:35;1,05
24.12.2009 07:40;1,05
24.12.2009 07:45;1,05
24.12.2009 07:50;1,05
24.12.2009 07:55;1,05
24.12.2009 08:00;1,05
24.12.2009 08:05;1,15
24.12.2009 08:10;1,15
24.12.2009 08:15;1,15
24.12.2009 08:20;1,15
24.12.2009 08:25;1,15
24.12.2009 08:30;1,15
24.12.2009 08:35;1,2
24.12.2009 08:40;1,2
24.12.2009 08:45;1,2
24.12.2009 08:50;1,2
24.12.2009 08:55;1,2
24.12.2009 09:00;1,3
24.12.2009 09:05;1,3
24.12.2009 09:10;1,3
24.12.2009 09:15;1,35
24.12.2009 09:20;1,35
24.12.2009 09:25;1,35
24.12.2009 09:30;1,35
24.12.2009 09:35;1,45
24.12.2009 09:40;1,45
24.12.2009 09:45;1,45
24.12.2009 09:50;1,55
24.12.2009 09:55;1,55
24.12.2009 10:00;1,6
24.12.2009 10:05;1,6
24.12.2009 10:10;1,6
24.12.2009 10:15;1,7
24.12.2009 10:20;1,7
24.12.2009 10:25;1,7
24.12.2009 10:30;1,75
24.12.2009 10:35;1,75
24.12.2009 10:40;1,85
24.12.2009 10:45;1,85
24.12.2009 10:50;1,95
24.12.2009 10:55;1,95
24.12.2009 11:00;1,95
24.12.2009 11:05;2
24.12.2009 11:10;2
24.12.2009 11:15;2
24.12.2009 11:20;2,1
24.12.2009 11:25;2,1
24.12.2009 11:30;2,15
24.12.2009 11:35;2,15
24.12.2009 11:40;2,15
24.12.2009 11:45;2,25
24.12.2009 11:50;2,25
24.12.2009 11:55;2,25
24.12.2009 12:00;2,25
24.12.2009 12:05;2,35
24.12.2009 12:10;2,35
24.12.2009 12:15;2,35
24.12.2009 12:20;2,35
24.12.2009 12:25;2,35
24.12.2009 12:30;2,4
24.12.2009 12:35;2,4
24.12.2009 12:40;2,4
24.12.2009 12:45;2,5
24.12.2009 12:50;2,5
24.12.2009 12:55;2,5
24.12.2009 13:00;2,5
24.12.2009 13:05;2,5
24.12.2009 13:10;2,5
24.12.2009 13:15;2,6
24.12.2009 13:20;2,6
24.12.2009 13:25;2,65
24.12.2009 13:30;2,65
24.12.2009 13:35;2,75
24.12.2009 13:40;2,75
24.12.2009 13:45;2,75
24.12.2009 13:50;2,75
24.12.2009 13:55;2,75
24.12.2009 14:00;2,8
24.12.2009 14:05;2,8
24.12.2009 14:10;2,8
24.12.2009 14:15;2,8
24.12.2009 14:20;2,8
24.12.2009 14:25;2,8
24.12.2009 14:30;2,8
24.12.2009 14:35;2,9
24.12.2009 14:40;2,9
24.12.2009 14:45;2,9
24.12.2009 14:50;3
24.12.2009 14:55;3
24.12.2009 15:00;3
24.12.2009 15:05;3
24.12.2009 15:10;3,05
24.12.2009 15:15;3,05
24.12.2009 15:20;3,05
24.12.2009 15:25;3,15
24.12.2009 15:30;3,15
24.12.2009 15:35;3,15
24.12.2009 15:40;3,15
24.12.2009 15:45;3,2
24.12.2009 15:50;3,2
24.12.2009 15:55;3,2
24.12.2009 16:00;3,3
24.12.2009 16:05;3,3
24.12.2009 16:10;3,3
24.12.2009 16:15;3,3
24.12.2009 16:20;3,3
24.12.2009 16:25;3,3
24.12.2009 16:30;3,3
24.12.2009 16:35;3,4
24.12.2009 16:40;3,4
24.12.2009 16:45;3,4
24.12.2009 16:50;3,45
24.12.2009 16:55;3,45
24.12.2009 17:00;3,45
24.12.2009 17:05;3,45
24.12.2009 17:10;3,45
24.12.2009 17:15;3,45
24.12.2009 17:20;3,45
24.12.2009 17:25;3,55
24.12.2009 17:30;3,55
24.12.2009 17:35;3,6
24.12.2009 17:40;3,6
24.12.2009 17:45;3,6
24.12.2009 17:50;3,6
24.12.2009 17:55;3,7
24.12.2009 18:00;3,7
24.12.2009 18:05;3,7
24.12.2009 18:10;3,7
24.12.2009 18:15;3,8
24.12.2009 18:20;3,8
24.12.2009 18:25;3,8
24.12.2009 18:30;3,8
24.12.2009 18:35;3,8
24.12.2009 18:40;3,8
24.12.2009 18:45;3,8
24.12.2009 18:50;3,8
24.12.2009 18:55;3,8
24.12.2009 19:00;3,8
24.12.2009 19:05;3,85
24.12.2009 19:10;3,85
24.12.2009 19:15;3,85
24.12.2009 19:20;3,95
24.12.2009 19:25;3,95
24.12.2009 19:30;3,95
24.12.2009 19:35;3,95
24.12.2009 19:40;4
24.12.2009 19:45;4
24.12.2009 19:50;4
24.12.2009 19:55;4
24.12.2009 20:00;4
24.12.2009 20:05;4
24.12.2009 20:10;4
24.12.2009 20:15;4
24.12.2009 20:20;3,95
24.12.2009 20:25;3,95
24.12.2009 20:30;3,95
24.12.2009 20:35;3,85
24.12.2009 20:40;3,8
24.12.2009 20:45;3,8
24.12.2009 20:50;3,8
24.12.2009 20:55;3,8
24.12.2009 21:00;3,7
24.12.2009 21:05;3,7
24.12.2009 21:10;3,7
24.12.2009 21:15;3,7
24.12.2009 21:20;3,6
24.12.2009 21:25;3,6
24.12.2009 21:30;3,6
24.12.2009 21:35;3,6
24.12.2009 21:40;3,6
24.12.2009 21:45;3,7
24.12.2009 21:50;3,7
24.12.2009 21:55;3,6
24.12.2009 22:00;3,7
24.12.2009 22:05;3,7
24.12.2009 22:10;3,6
24.12.2009 22:15;3,7
24.12.2009 22:20;3,7
24.12.2009 22:25;3,7
24.12.2009 22:30;3,7
24.12.2009 22:35;3,7
24.12.2009 22:40;3,7
24.12.2009 22:45;3,7
24.12.2009 22:50;3,8
24.12.2009 22:55;3,8
24.12.2009 23:00;3,8
24.12.2009 23:05;3,8
24.12.2009 23:10;3,8
24.12.2009 23:15;3,85
24.12.2009 23:20;3,95
24.12.2009 23:25;3,95
24.12.2009 23:30;4
24.12.2009 23:35;4
24.12.2009 23:40;4
24.12.2009 23:45;4
24.12.2009 23:50;4
24.12.2009 23:55;4,1
