T;Tr_ref
11.12.2009 00:00;15
11.12.2009 00:05;15
11.12.2009 00:10;15
11.12.2009 00:15;15
11.12.2009 00:20;15
11.12.2009 00:25;15
11.12.2009 00:30;15
11.12.2009 00:35;15
11.12.2009 00:40;15
11.12.2009 00:45;15
11.12.2009 00:50;15
11.12.2009 00:55;15
11.12.2009 01:00;15
11.12.2009 01:05;15
11.12.2009 01:10;15
11.12.2009 01:15;15
11.12.2009 01:20;15
11.12.2009 01:25;15
11.12.2009 01:30;15
11.12.2009 01:35;15
11.12.2009 01:40;15
11.12.2009 01:45;15
11.12.2009 01:50;15
11.12.2009 01:55;15
11.12.2009 02:00;15
11.12.2009 02:05;15
11.12.2009 02:10;15
11.12.2009 02:15;15
11.12.2009 02:20;15
11.12.2009 02:25;15
11.12.2009 02:30;15
11.12.2009 02:35;15
11.12.2009 02:40;15
11.12.2009 02:45;15
11.12.2009 02:50;15
11.12.2009 02:55;15
11.12.2009 03:00;15
11.12.2009 03:05;15
11.12.2009 03:10;15
11.12.2009 03:15;15
11.12.2009 03:20;15
11.12.2009 03:25;15
11.12.2009 03:30;15
11.12.2009 03:35;15
11.12.2009 03:40;15
11.12.2009 03:45;15
11.12.2009 03:50;15
11.12.2009 03:55;15
11.12.2009 04:00;15
11.12.2009 04:05;15
11.12.2009 04:10;15
11.12.2009 04:15;15
11.12.2009 04:20;15
11.12.2009 04:25;15
11.12.2009 04:30;15
11.12.2009 04:35;15
11.12.2009 04:40;15
11.12.2009 04:45;15
11.12.2009 04:50;15
11.12.2009 04:55;15
11.12.2009 05:00;15
11.12.2009 05:05;15
11.12.2009 05:10;15
11.12.2009 05:15;15
11.12.2009 05:20;15
11.12.2009 05:25;15
11.12.2009 05:30;15
11.12.2009 05:35;15
11.12.2009 05:40;15
11.12.2009 05:45;15
11.12.2009 05:50;15
11.12.2009 05:55;15
11.12.2009 06:00;15
11.12.2009 06:05;15
11.12.2009 06:10;15
11.12.2009 06:15;15
11.12.2009 06:20;15
11.12.2009 06:25;15
11.12.2009 06:30;15
11.12.2009 06:35;15
11.12.2009 06:40;15
11.12.2009 06:45;15
11.12.2009 06:50;15
11.12.2009 06:55;15
11.12.2009 07:00;20
11.12.2009 07:05;20
11.12.2009 07:10;20
11.12.2009 07:15;20
11.12.2009 07:20;20
11.12.2009 07:25;20
11.12.2009 07:30;20
11.12.2009 07:35;20
11.12.2009 07:40;20
11.12.2009 07:45;20
11.12.2009 07:50;20
11.12.2009 07:55;20
11.12.2009 08:00;20
11.12.2009 08:05;20
11.12.2009 08:10;20
11.12.2009 08:15;20
11.12.2009 08:20;20
11.12.2009 08:25;20
11.12.2009 08:30;20
11.12.2009 08:35;20
11.12.2009 08:40;20
11.12.2009 08:45;20
11.12.2009 08:50;20
11.12.2009 08:55;20
11.12.2009 09:00;20
11.12.2009 09:05;20
11.12.2009 09:10;20
11.12.2009 09:15;20
11.12.2009 09:20;20
11.12.2009 09:25;20
11.12.2009 09:30;20
11.12.2009 09:35;20
11.12.2009 09:40;20
11.12.2009 09:45;20
11.12.2009 09:50;20
11.12.2009 09:55;20
11.12.2009 10:00;20
11.12.2009 10:05;20
11.12.2009 10:10;20
11.12.2009 10:15;20
11.12.2009 10:20;20
11.12.2009 10:25;20
11.12.2009 10:30;20
11.12.2009 10:35;20
11.12.2009 10:40;20
11.12.2009 10:45;20
11.12.2009 10:50;20
11.12.2009 10:55;20
11.12.2009 11:00;20
11.12.2009 11:05;20
11.12.2009 11:10;20
11.12.2009 11:15;20
11.12.2009 11:20;20
11.12.2009 11:25;20
11.12.2009 11:30;20
11.12.2009 11:35;20
11.12.2009 11:40;20
11.12.2009 11:45;20
11.12.2009 11:50;20
11.12.2009 11:55;20
11.12.2009 12:00;20
11.12.2009 12:05;20
11.12.2009 12:10;20
11.12.2009 12:15;20
11.12.2009 12:20;20
11.12.2009 12:25;20
11.12.2009 12:30;20
11.12.2009 12:35;20
11.12.2009 12:40;20
11.12.2009 12:45;20
11.12.2009 12:50;20
11.12.2009 12:55;20
11.12.2009 13:00;20
11.12.2009 13:05;20
11.12.2009 13:10;20
11.12.2009 13:15;20
11.12.2009 13:20;20
11.12.2009 13:25;20
11.12.2009 13:30;20
11.12.2009 13:35;20
11.12.2009 13:40;20
11.12.2009 13:45;20
11.12.2009 13:50;20
11.12.2009 13:55;20
11.12.2009 14:00;20
11.12.2009 14:05;20
11.12.2009 14:10;20
11.12.2009 14:15;20
11.12.2009 14:20;20
11.12.2009 14:25;20
11.12.2009 14:30;20
11.12.2009 14:35;20
11.12.2009 14:40;20
11.12.2009 14:45;20
11.12.2009 14:50;20
11.12.2009 14:55;20
11.12.2009 15:00;20
11.12.2009 15:05;20
11.12.2009 15:10;20
11.12.2009 15:15;20
11.12.2009 15:20;20
11.12.2009 15:25;20
11.12.2009 15:30;20
11.12.2009 15:35;20
11.12.2009 15:40;20
11.12.2009 15:45;20
11.12.2009 15:50;20
11.12.2009 15:55;20
11.12.2009 16:00;20
11.12.2009 16:05;20
11.12.2009 16:10;20
11.12.2009 16:15;20
11.12.2009 16:20;20
11.12.2009 16:25;20
11.12.2009 16:30;20
11.12.2009 16:35;20
11.12.2009 16:40;20
11.12.2009 16:45;20
11.12.2009 16:50;20
11.12.2009 16:55;20
11.12.2009 17:00;20
11.12.2009 17:05;20
11.12.2009 17:10;20
11.12.2009 17:15;20
11.12.2009 17:20;20
11.12.2009 17:25;20
11.12.2009 17:30;20
11.12.2009 17:35;20
11.12.2009 17:40;20
11.12.2009 17:45;20
11.12.2009 17:50;20
11.12.2009 17:55;20
11.12.2009 18:00;20
11.12.2009 18:05;20
11.12.2009 18:10;20
11.12.2009 18:15;20
11.12.2009 18:20;20
11.12.2009 18:25;20
11.12.2009 18:30;20
11.12.2009 18:35;20
11.12.2009 18:40;20
11.12.2009 18:45;20
11.12.2009 18:50;20
11.12.2009 18:55;20
11.12.2009 19:00;20
11.12.2009 19:05;20
11.12.2009 19:10;20
11.12.2009 19:15;20
11.12.2009 19:20;20
11.12.2009 19:25;20
11.12.2009 19:30;20
11.12.2009 19:35;20
11.12.2009 19:40;20
11.12.2009 19:45;20
11.12.2009 19:50;20
11.12.2009 19:55;20
11.12.2009 20:00;20
11.12.2009 20:05;20
11.12.2009 20:10;20
11.12.2009 20:15;20
11.12.2009 20:20;20
11.12.2009 20:25;20
11.12.2009 20:30;20
11.12.2009 20:35;20
11.12.2009 20:40;20
11.12.2009 20:45;20
11.12.2009 20:50;20
11.12.2009 20:55;20
11.12.2009 21:00;20
11.12.2009 21:05;20
11.12.2009 21:10;20
11.12.2009 21:15;20
11.12.2009 21:20;20
11.12.2009 21:25;20
11.12.2009 21:30;20
11.12.2009 21:35;20
11.12.2009 21:40;20
11.12.2009 21:45;20
11.12.2009 21:50;20
11.12.2009 21:55;20
11.12.2009 22:00;15
11.12.2009 22:05;15
11.12.2009 22:10;15
11.12.2009 22:15;15
11.12.2009 22:20;15
11.12.2009 22:25;15
11.12.2009 22:30;15
11.12.2009 22:35;15
11.12.2009 22:40;15
11.12.2009 22:45;15
11.12.2009 22:50;15
11.12.2009 22:55;15
11.12.2009 23:00;15
11.12.2009 23:05;15
11.12.2009 23:10;15
11.12.2009 23:15;15
11.12.2009 23:20;15
11.12.2009 23:25;15
11.12.2009 23:30;15
11.12.2009 23:35;15
11.12.2009 23:40;15
11.12.2009 23:45;15
11.12.2009 23:50;15
11.12.2009 23:55;15
12.12.2009 00:00;15
12.12.2009 00:05;15
12.12.2009 00:10;15
12.12.2009 00:15;15
12.12.2009 00:20;15
12.12.2009 00:25;15
12.12.2009 00:30;15
12.12.2009 00:35;15
12.12.2009 00:40;15
12.12.2009 00:45;15
12.12.2009 00:50;15
12.12.2009 00:55;15
12.12.2009 01:00;15
12.12.2009 01:05;15
12.12.2009 01:10;15
12.12.2009 01:15;15
12.12.2009 01:20;15
12.12.2009 01:25;15
12.12.2009 01:30;15
12.12.2009 01:35;15
12.12.2009 01:40;15
12.12.2009 01:45;15
12.12.2009 01:50;15
12.12.2009 01:55;15
12.12.2009 02:00;15
12.12.2009 02:05;15
12.12.2009 02:10;15
12.12.2009 02:15;15
12.12.2009 02:20;15
12.12.2009 02:25;15
12.12.2009 02:30;15
12.12.2009 02:35;15
12.12.2009 02:40;15
12.12.2009 02:45;15
12.12.2009 02:50;15
12.12.2009 02:55;15
12.12.2009 03:00;15
12.12.2009 03:05;15
12.12.2009 03:10;15
12.12.2009 03:15;15
12.12.2009 03:20;15
12.12.2009 03:25;15
12.12.2009 03:30;15
12.12.2009 03:35;15
12.12.2009 03:40;15
12.12.2009 03:45;15
12.12.2009 03:50;15
12.12.2009 03:55;15
12.12.2009 04:00;15
12.12.2009 04:05;15
12.12.2009 04:10;15
12.12.2009 04:15;15
12.12.2009 04:20;15
12.12.2009 04:25;15
12.12.2009 04:30;15
12.12.2009 04:35;15
12.12.2009 04:40;15
12.12.2009 04:45;15
12.12.2009 04:50;15
12.12.2009 04:55;15
12.12.2009 05:00;15
12.12.2009 05:05;15
12.12.2009 05:10;15
12.12.2009 05:15;15
12.12.2009 05:20;15
12.12.2009 05:25;15
12.12.2009 05:30;15
12.12.2009 05:35;15
12.12.2009 05:40;15
12.12.2009 05:45;15
12.12.2009 05:50;15
12.12.2009 05:55;15
12.12.2009 06:00;15
12.12.2009 06:05;15
12.12.2009 06:10;15
12.12.2009 06:15;15
12.12.2009 06:20;15
12.12.2009 06:25;15
12.12.2009 06:30;15
12.12.2009 06:35;15
12.12.2009 06:40;15
12.12.2009 06:45;15
12.12.2009 06:50;15
12.12.2009 06:55;15
12.12.2009 07:00;15
12.12.2009 07:05;15
12.12.2009 07:10;15
12.12.2009 07:15;15
12.12.2009 07:20;15
12.12.2009 07:25;15
12.12.2009 07:30;15
12.12.2009 07:35;15
12.12.2009 07:40;15
12.12.2009 07:45;15
12.12.2009 07:50;15
12.12.2009 07:55;15
12.12.2009 08:00;15
12.12.2009 08:05;15
12.12.2009 08:10;15
12.12.2009 08:15;15
12.12.2009 08:20;15
12.12.2009 08:25;15
12.12.2009 08:30;15
12.12.2009 08:35;15
12.12.2009 08:40;15
12.12.2009 08:45;15
12.12.2009 08:50;15
12.12.2009 08:55;15
12.12.2009 09:00;15
12.12.2009 09:05;15
12.12.2009 09:10;15
12.12.2009 09:15;15
12.12.2009 09:20;15
12.12.2009 09:25;15
12.12.2009 09:30;15
12.12.2009 09:35;15
12.12.2009 09:40;15
12.12.2009 09:45;15
12.12.2009 09:50;15
12.12.2009 09:55;15
12.12.2009 10:00;15
12.12.2009 10:05;15
12.12.2009 10:10;15
12.12.2009 10:15;15
12.12.2009 10:20;15
12.12.2009 10:25;15
12.12.2009 10:30;15
12.12.2009 10:35;15
12.12.2009 10:40;15
12.12.2009 10:45;15
12.12.2009 10:50;15
12.12.2009 10:55;15
12.12.2009 11:00;15
12.12.2009 11:05;15
12.12.2009 11:10;15
12.12.2009 11:15;15
12.12.2009 11:20;15
12.12.2009 11:25;15
12.12.2009 11:30;15
12.12.2009 11:35;15
12.12.2009 11:40;15
12.12.2009 11:45;15
12.12.2009 11:50;15
12.12.2009 11:55;15
12.12.2009 12:00;15
12.12.2009 12:05;15
12.12.2009 12:10;15
12.12.2009 12:15;15
12.12.2009 12:20;15
12.12.2009 12:25;15
12.12.2009 12:30;15
12.12.2009 12:35;15
12.12.2009 12:40;15
12.12.2009 12:45;15
12.12.2009 12:50;15
12.12.2009 12:55;15
12.12.2009 13:00;15
12.12.2009 13:05;15
12.12.2009 13:10;15
12.12.2009 13:15;15
12.12.2009 13:20;15
12.12.2009 13:25;15
12.12.2009 13:30;15
12.12.2009 13:35;15
12.12.2009 13:40;15
12.12.2009 13:45;15
12.12.2009 13:50;15
12.12.2009 13:55;15
12.12.2009 14:00;15
12.12.2009 14:05;15
12.12.2009 14:10;15
12.12.2009 14:15;15
12.12.2009 14:20;15
12.12.2009 14:25;15
12.12.2009 14:30;15
12.12.2009 14:35;15
12.12.2009 14:40;15
12.12.2009 14:45;15
12.12.2009 14:50;15
12.12.2009 14:55;15
12.12.2009 15:00;15
12.12.2009 15:05;15
12.12.2009 15:10;15
12.12.2009 15:15;15
12.12.2009 15:20;15
12.12.2009 15:25;15
12.12.2009 15:30;15
12.12.2009 15:35;15
12.12.2009 15:40;15
12.12.2009 15:45;15
12.12.2009 15:50;15
12.12.2009 15:55;15
12.12.2009 16:00;15
12.12.2009 16:05;15
12.12.2009 16:10;15
12.12.2009 16:15;15
12.12.2009 16:20;15
12.12.2009 16:25;15
12.12.2009 16:30;15
12.12.2009 16:35;15
12.12.2009 16:40;15
12.12.2009 16:45;15
12.12.2009 16:50;15
12.12.2009 16:55;15
12.12.2009 17:00;15
12.12.2009 17:05;15
12.12.2009 17:10;15
12.12.2009 17:15;15
12.12.2009 17:20;15
12.12.2009 17:25;15
12.12.2009 17:30;15
12.12.2009 17:35;15
12.12.2009 17:40;15
12.12.2009 17:45;15
12.12.2009 17:50;15
12.12.2009 17:55;15
12.12.2009 18:00;15
12.12.2009 18:05;15
12.12.2009 18:10;15
12.12.2009 18:15;15
12.12.2009 18:20;15
12.12.2009 18:25;15
12.12.2009 18:30;15
12.12.2009 18:35;15
12.12.2009 18:40;15
12.12.2009 18:45;15
12.12.2009 18:50;15
12.12.2009 18:55;15
12.12.2009 19:00;15
12.12.2009 19:05;15
12.12.2009 19:10;15
12.12.2009 19:15;15
12.12.2009 19:20;15
12.12.2009 19:25;15
12.12.2009 19:30;15
12.12.2009 19:35;15
12.12.2009 19:40;15
12.12.2009 19:45;15
12.12.2009 19:50;15
12.12.2009 19:55;15
12.12.2009 20:00;15
12.12.2009 20:05;15
12.12.2009 20:10;15
12.12.2009 20:15;15
12.12.2009 20:20;15
12.12.2009 20:25;15
12.12.2009 20:30;15
12.12.2009 20:35;15
12.12.2009 20:40;15
12.12.2009 20:45;15
12.12.2009 20:50;15
12.12.2009 20:55;15
12.12.2009 21:00;15
12.12.2009 21:05;15
12.12.2009 21:10;15
12.12.2009 21:15;15
12.12.2009 21:20;15
12.12.2009 21:25;15
12.12.2009 21:30;15
12.12.2009 21:35;15
12.12.2009 21:40;15
12.12.2009 21:45;15
12.12.2009 21:50;15
12.12.2009 21:55;15
12.12.2009 22:00;15
12.12.2009 22:05;15
12.12.2009 22:10;15
12.12.2009 22:15;15
12.12.2009 22:20;15
12.12.2009 22:25;15
12.12.2009 22:30;15
12.12.2009 22:35;15
12.12.2009 22:40;15
12.12.2009 22:45;15
12.12.2009 22:50;15
12.12.2009 22:55;15
12.12.2009 23:00;15
12.12.2009 23:05;15
12.12.2009 23:10;15
12.12.2009 23:15;15
12.12.2009 23:20;15
12.12.2009 23:25;15
12.12.2009 23:30;15
12.12.2009 23:35;15
12.12.2009 23:40;15
12.12.2009 23:45;15
12.12.2009 23:50;15
12.12.2009 23:55;15
13.12.2009 00:00;15
13.12.2009 00:05;15
13.12.2009 00:10;15
13.12.2009 00:15;15
13.12.2009 00:20;15
13.12.2009 00:25;15
13.12.2009 00:30;15
13.12.2009 00:35;15
13.12.2009 00:40;15
13.12.2009 00:45;15
13.12.2009 00:50;15
13.12.2009 00:55;15
13.12.2009 01:00;15
13.12.2009 01:05;15
13.12.2009 01:10;15
13.12.2009 01:15;15
13.12.2009 01:20;15
13.12.2009 01:25;15
13.12.2009 01:30;15
13.12.2009 01:35;15
13.12.2009 01:40;15
13.12.2009 01:45;15
13.12.2009 01:50;15
13.12.2009 01:55;15
13.12.2009 02:00;15
13.12.2009 02:05;15
13.12.2009 02:10;15
13.12.2009 02:15;15
13.12.2009 02:20;15
13.12.2009 02:25;15
13.12.2009 02:30;15
13.12.2009 02:35;15
13.12.2009 02:40;15
13.12.2009 02:45;15
13.12.2009 02:50;15
13.12.2009 02:55;15
13.12.2009 03:00;15
13.12.2009 03:05;15
13.12.2009 03:10;15
13.12.2009 03:15;15
13.12.2009 03:20;15
13.12.2009 03:25;15
13.12.2009 03:30;15
13.12.2009 03:35;15
13.12.2009 03:40;15
13.12.2009 03:45;15
13.12.2009 03:50;15
13.12.2009 03:55;15
13.12.2009 04:00;15
13.12.2009 04:05;15
13.12.2009 04:10;15
13.12.2009 04:15;15
13.12.2009 04:20;15
13.12.2009 04:25;15
13.12.2009 04:30;15
13.12.2009 04:35;15
13.12.2009 04:40;15
13.12.2009 04:45;15
13.12.2009 04:50;15
13.12.2009 04:55;15
13.12.2009 05:00;15
13.12.2009 05:05;15
13.12.2009 05:10;15
13.12.2009 05:15;15
13.12.2009 05:20;15
13.12.2009 05:25;15
13.12.2009 05:30;15
13.12.2009 05:35;15
13.12.2009 05:40;15
13.12.2009 05:45;15
13.12.2009 05:50;15
13.12.2009 05:55;15
13.12.2009 06:00;15
13.12.2009 06:05;15
13.12.2009 06:10;15
13.12.2009 06:15;15
13.12.2009 06:20;15
13.12.2009 06:25;15
13.12.2009 06:30;15
13.12.2009 06:35;15
13.12.2009 06:40;15
13.12.2009 06:45;15
13.12.2009 06:50;15
13.12.2009 06:55;15
13.12.2009 07:00;15
13.12.2009 07:05;15
13.12.2009 07:10;15
13.12.2009 07:15;15
13.12.2009 07:20;15
13.12.2009 07:25;15
13.12.2009 07:30;15
13.12.2009 07:35;15
13.12.2009 07:40;15
13.12.2009 07:45;15
13.12.2009 07:50;15
13.12.2009 07:55;15
13.12.2009 08:00;15
13.12.2009 08:05;15
13.12.2009 08:10;15
13.12.2009 08:15;15
13.12.2009 08:20;15
13.12.2009 08:25;15
13.12.2009 08:30;15
13.12.2009 08:35;15
13.12.2009 08:40;15
13.12.2009 08:45;15
13.12.2009 08:50;15
13.12.2009 08:55;15
13.12.2009 09:00;15
13.12.2009 09:05;15
13.12.2009 09:10;15
13.12.2009 09:15;15
13.12.2009 09:20;15
13.12.2009 09:25;15
13.12.2009 09:30;15
13.12.2009 09:35;15
13.12.2009 09:40;15
13.12.2009 09:45;15
13.12.2009 09:50;15
13.12.2009 09:55;15
13.12.2009 10:00;15
13.12.2009 10:05;15
13.12.2009 10:10;15
13.12.2009 10:15;15
13.12.2009 10:20;15
13.12.2009 10:25;15
13.12.2009 10:30;15
13.12.2009 10:35;15
13.12.2009 10:40;15
13.12.2009 10:45;15
13.12.2009 10:50;15
13.12.2009 10:55;15
13.12.2009 11:00;15
13.12.2009 11:05;15
13.12.2009 11:10;15
13.12.2009 11:15;15
13.12.2009 11:20;15
13.12.2009 11:25;15
13.12.2009 11:30;15
13.12.2009 11:35;15
13.12.2009 11:40;15
13.12.2009 11:45;15
13.12.2009 11:50;15
13.12.2009 11:55;15
13.12.2009 12:00;15
13.12.2009 12:05;15
13.12.2009 12:10;15
13.12.2009 12:15;15
13.12.2009 12:20;15
13.12.2009 12:25;15
13.12.2009 12:30;15
13.12.2009 12:35;15
13.12.2009 12:40;15
13.12.2009 12:45;15
13.12.2009 12:50;15
13.12.2009 12:55;15
13.12.2009 13:00;15
13.12.2009 13:05;15
13.12.2009 13:10;15
13.12.2009 13:15;15
13.12.2009 13:20;15
13.12.2009 13:25;15
13.12.2009 13:30;15
13.12.2009 13:35;15
13.12.2009 13:40;15
13.12.2009 13:45;15
13.12.2009 13:50;15
13.12.2009 13:55;15
13.12.2009 14:00;15
13.12.2009 14:05;15
13.12.2009 14:10;15
13.12.2009 14:15;15
13.12.2009 14:20;15
13.12.2009 14:25;15
13.12.2009 14:30;15
13.12.2009 14:35;15
13.12.2009 14:40;15
13.12.2009 14:45;15
13.12.2009 14:50;15
13.12.2009 14:55;15
13.12.2009 15:00;15
13.12.2009 15:05;15
13.12.2009 15:10;15
13.12.2009 15:15;15
13.12.2009 15:20;15
13.12.2009 15:25;15
13.12.2009 15:30;15
13.12.2009 15:35;15
13.12.2009 15:40;15
13.12.2009 15:45;15
13.12.2009 15:50;15
13.12.2009 15:55;15
13.12.2009 16:00;15
13.12.2009 16:05;15
13.12.2009 16:10;15
13.12.2009 16:15;15
13.12.2009 16:20;15
13.12.2009 16:25;15
13.12.2009 16:30;15
13.12.2009 16:35;15
13.12.2009 16:40;15
13.12.2009 16:45;15
13.12.2009 16:50;15
13.12.2009 16:55;15
13.12.2009 17:00;15
13.12.2009 17:05;15
13.12.2009 17:10;15
13.12.2009 17:15;15
13.12.2009 17:20;15
13.12.2009 17:25;15
13.12.2009 17:30;15
13.12.2009 17:35;15
13.12.2009 17:40;15
13.12.2009 17:45;15
13.12.2009 17:50;15
13.12.2009 17:55;15
13.12.2009 18:00;15
13.12.2009 18:05;15
13.12.2009 18:10;15
13.12.2009 18:15;15
13.12.2009 18:20;15
13.12.2009 18:25;15
13.12.2009 18:30;15
13.12.2009 18:35;15
13.12.2009 18:40;15
13.12.2009 18:45;15
13.12.2009 18:50;15
13.12.2009 18:55;15
13.12.2009 19:00;15
13.12.2009 19:05;15
13.12.2009 19:10;15
13.12.2009 19:15;15
13.12.2009 19:20;15
13.12.2009 19:25;15
13.12.2009 19:30;15
13.12.2009 19:35;15
13.12.2009 19:40;15
13.12.2009 19:45;15
13.12.2009 19:50;15
13.12.2009 19:55;15
13.12.2009 20:00;15
13.12.2009 20:05;15
13.12.2009 20:10;15
13.12.2009 20:15;15
13.12.2009 20:20;15
13.12.2009 20:25;15
13.12.2009 20:30;15
13.12.2009 20:35;15
13.12.2009 20:40;15
13.12.2009 20:45;15
13.12.2009 20:50;15
13.12.2009 20:55;15
13.12.2009 21:00;15
13.12.2009 21:05;15
13.12.2009 21:10;15
13.12.2009 21:15;15
13.12.2009 21:20;15
13.12.2009 21:25;15
13.12.2009 21:30;15
13.12.2009 21:35;15
13.12.2009 21:40;15
13.12.2009 21:45;15
13.12.2009 21:50;15
13.12.2009 21:55;15
13.12.2009 22:00;15
13.12.2009 22:05;15
13.12.2009 22:10;15
13.12.2009 22:15;15
13.12.2009 22:20;15
13.12.2009 22:25;15
13.12.2009 22:30;15
13.12.2009 22:35;15
13.12.2009 22:40;15
13.12.2009 22:45;15
13.12.2009 22:50;15
13.12.2009 22:55;15
13.12.2009 23:00;15
13.12.2009 23:05;15
13.12.2009 23:10;15
13.12.2009 23:15;15
13.12.2009 23:20;15
13.12.2009 23:25;15
13.12.2009 23:30;15
13.12.2009 23:35;15
13.12.2009 23:40;15
13.12.2009 23:45;15
13.12.2009 23:50;15
13.12.2009 23:55;15
14.12.2009 00:00;15
14.12.2009 00:05;15
14.12.2009 00:10;15
14.12.2009 00:15;15
14.12.2009 00:20;15
14.12.2009 00:25;15
14.12.2009 00:30;15
14.12.2009 00:35;15
14.12.2009 00:40;15
14.12.2009 00:45;15
14.12.2009 00:50;15
14.12.2009 00:55;15
14.12.2009 01:00;15
14.12.2009 01:05;15
14.12.2009 01:10;15
14.12.2009 01:15;15
14.12.2009 01:20;15
14.12.2009 01:25;15
14.12.2009 01:30;15
14.12.2009 01:35;15
14.12.2009 01:40;15
14.12.2009 01:45;15
14.12.2009 01:50;15
14.12.2009 01:55;15
14.12.2009 02:00;15
14.12.2009 02:05;15
14.12.2009 02:10;15
14.12.2009 02:15;15
14.12.2009 02:20;15
14.12.2009 02:25;15
14.12.2009 02:30;15
14.12.2009 02:35;15
14.12.2009 02:40;15
14.12.2009 02:45;15
14.12.2009 02:50;15
14.12.2009 02:55;15
14.12.2009 03:00;15
14.12.2009 03:05;15
14.12.2009 03:10;15
14.12.2009 03:15;15
14.12.2009 03:20;15
14.12.2009 03:25;15
14.12.2009 03:30;15
14.12.2009 03:35;15
14.12.2009 03:40;15
14.12.2009 03:45;15
14.12.2009 03:50;15
14.12.2009 03:55;15
14.12.2009 04:00;15
14.12.2009 04:05;15
14.12.2009 04:10;15
14.12.2009 04:15;15
14.12.2009 04:20;15
14.12.2009 04:25;15
14.12.2009 04:30;15
14.12.2009 04:35;15
14.12.2009 04:40;15
14.12.2009 04:45;15
14.12.2009 04:50;15
14.12.2009 04:55;15
14.12.2009 05:00;15
14.12.2009 05:05;15
14.12.2009 05:10;15
14.12.2009 05:15;15
14.12.2009 05:20;15
14.12.2009 05:25;15
14.12.2009 05:30;15
14.12.2009 05:35;15
14.12.2009 05:40;15
14.12.2009 05:45;15
14.12.2009 05:50;15
14.12.2009 05:55;15
14.12.2009 06:00;15
14.12.2009 06:05;15
14.12.2009 06:10;15
14.12.2009 06:15;15
14.12.2009 06:20;15
14.12.2009 06:25;15
14.12.2009 06:30;15
14.12.2009 06:35;15
14.12.2009 06:40;15
14.12.2009 06:45;15
14.12.2009 06:50;15
14.12.2009 06:55;15
14.12.2009 07:00;20
14.12.2009 07:05;20
14.12.2009 07:10;20
14.12.2009 07:15;20
14.12.2009 07:20;20
14.12.2009 07:25;20
14.12.2009 07:30;20
14.12.2009 07:35;20
14.12.2009 07:40;20
14.12.2009 07:45;20
14.12.2009 07:50;20
14.12.2009 07:55;20
14.12.2009 08:00;20
14.12.2009 08:05;20
14.12.2009 08:10;20
14.12.2009 08:15;20
14.12.2009 08:20;20
14.12.2009 08:25;20
14.12.2009 08:30;20
14.12.2009 08:35;20
14.12.2009 08:40;20
14.12.2009 08:45;20
14.12.2009 08:50;20
14.12.2009 08:55;20
14.12.2009 09:00;20
14.12.2009 09:05;20
14.12.2009 09:10;20
14.12.2009 09:15;20
14.12.2009 09:20;20
14.12.2009 09:25;20
14.12.2009 09:30;20
14.12.2009 09:35;20
14.12.2009 09:40;20
14.12.2009 09:45;20
14.12.2009 09:50;20
14.12.2009 09:55;20
14.12.2009 10:00;20
14.12.2009 10:05;20
14.12.2009 10:10;20
14.12.2009 10:15;20
14.12.2009 10:20;20
14.12.2009 10:25;20
14.12.2009 10:30;20
14.12.2009 10:35;20
14.12.2009 10:40;20
14.12.2009 10:45;20
14.12.2009 10:50;20
14.12.2009 10:55;20
14.12.2009 11:00;20
14.12.2009 11:05;20
14.12.2009 11:10;20
14.12.2009 11:15;20
14.12.2009 11:20;20
14.12.2009 11:25;20
14.12.2009 11:30;20
14.12.2009 11:35;20
14.12.2009 11:40;20
14.12.2009 11:45;20
14.12.2009 11:50;20
14.12.2009 11:55;20
14.12.2009 12:00;20
14.12.2009 12:05;20
14.12.2009 12:10;20
14.12.2009 12:15;20
14.12.2009 12:20;20
14.12.2009 12:25;20
14.12.2009 12:30;20
14.12.2009 12:35;20
14.12.2009 12:40;20
14.12.2009 12:45;20
14.12.2009 12:50;20
14.12.2009 12:55;20
14.12.2009 13:00;20
14.12.2009 13:05;20
14.12.2009 13:10;20
14.12.2009 13:15;20
14.12.2009 13:20;20
14.12.2009 13:25;20
14.12.2009 13:30;20
14.12.2009 13:35;20
14.12.2009 13:40;20
14.12.2009 13:45;20
14.12.2009 13:50;20
14.12.2009 13:55;20
14.12.2009 14:00;20
14.12.2009 14:05;20
14.12.2009 14:10;20
14.12.2009 14:15;20
14.12.2009 14:20;20
14.12.2009 14:25;20
14.12.2009 14:30;20
14.12.2009 14:35;20
14.12.2009 14:40;20
14.12.2009 14:45;20
14.12.2009 14:50;20
14.12.2009 14:55;20
14.12.2009 15:00;20
14.12.2009 15:05;20
14.12.2009 15:10;20
14.12.2009 15:15;20
14.12.2009 15:20;20
14.12.2009 15:25;20
14.12.2009 15:30;20
14.12.2009 15:35;20
14.12.2009 15:40;20
14.12.2009 15:45;20
14.12.2009 15:50;20
14.12.2009 15:55;20
14.12.2009 16:00;20
14.12.2009 16:05;20
14.12.2009 16:10;20
14.12.2009 16:15;20
14.12.2009 16:20;20
14.12.2009 16:25;20
14.12.2009 16:30;20
14.12.2009 16:35;20
14.12.2009 16:40;20
14.12.2009 16:45;20
14.12.2009 16:50;20
14.12.2009 16:55;20
14.12.2009 17:00;20
14.12.2009 17:05;20
14.12.2009 17:10;20
14.12.2009 17:15;20
14.12.2009 17:20;20
14.12.2009 17:25;20
14.12.2009 17:30;20
14.12.2009 17:35;20
14.12.2009 17:40;20
14.12.2009 17:45;20
14.12.2009 17:50;20
14.12.2009 17:55;20
14.12.2009 18:00;20
14.12.2009 18:05;20
14.12.2009 18:10;20
14.12.2009 18:15;20
14.12.2009 18:20;20
14.12.2009 18:25;20
14.12.2009 18:30;20
14.12.2009 18:35;20
14.12.2009 18:40;20
14.12.2009 18:45;20
14.12.2009 18:50;20
14.12.2009 18:55;20
14.12.2009 19:00;20
14.12.2009 19:05;20
14.12.2009 19:10;20
14.12.2009 19:15;20
14.12.2009 19:20;20
14.12.2009 19:25;20
14.12.2009 19:30;20
14.12.2009 19:35;20
14.12.2009 19:40;20
14.12.2009 19:45;20
14.12.2009 19:50;20
14.12.2009 19:55;20
14.12.2009 20:00;20
14.12.2009 20:05;20
14.12.2009 20:10;20
14.12.2009 20:15;20
14.12.2009 20:20;20
14.12.2009 20:25;20
14.12.2009 20:30;20
14.12.2009 20:35;20
14.12.2009 20:40;20
14.12.2009 20:45;20
14.12.2009 20:50;20
14.12.2009 20:55;20
14.12.2009 21:00;20
14.12.2009 21:05;20
14.12.2009 21:10;20
14.12.2009 21:15;20
14.12.2009 21:20;20
14.12.2009 21:25;20
14.12.2009 21:30;20
14.12.2009 21:35;20
14.12.2009 21:40;20
14.12.2009 21:45;20
14.12.2009 21:50;20
14.12.2009 21:55;20
14.12.2009 22:00;15
14.12.2009 22:05;15
14.12.2009 22:10;15
14.12.2009 22:15;15
14.12.2009 22:20;15
14.12.2009 22:25;15
14.12.2009 22:30;15
14.12.2009 22:35;15
14.12.2009 22:40;15
14.12.2009 22:45;15
14.12.2009 22:50;15
14.12.2009 22:55;15
14.12.2009 23:00;15
14.12.2009 23:05;15
14.12.2009 23:10;15
14.12.2009 23:15;15
14.12.2009 23:20;15
14.12.2009 23:25;15
14.12.2009 23:30;15
14.12.2009 23:35;15
14.12.2009 23:40;15
14.12.2009 23:45;15
14.12.2009 23:50;15
14.12.2009 23:55;15
15.12.2009 00:00;15
15.12.2009 00:05;15
15.12.2009 00:10;15
15.12.2009 00:15;15
15.12.2009 00:20;15
15.12.2009 00:25;15
15.12.2009 00:30;15
15.12.2009 00:35;15
15.12.2009 00:40;15
15.12.2009 00:45;15
15.12.2009 00:50;15
15.12.2009 00:55;15
15.12.2009 01:00;15
15.12.2009 01:05;15
15.12.2009 01:10;15
15.12.2009 01:15;15
15.12.2009 01:20;15
15.12.2009 01:25;15
15.12.2009 01:30;15
15.12.2009 01:35;15
15.12.2009 01:40;15
15.12.2009 01:45;15
15.12.2009 01:50;15
15.12.2009 01:55;15
15.12.2009 02:00;15
15.12.2009 02:05;15
15.12.2009 02:10;15
15.12.2009 02:15;15
15.12.2009 02:20;15
15.12.2009 02:25;15
15.12.2009 02:30;15
15.12.2009 02:35;15
15.12.2009 02:40;15
15.12.2009 02:45;15
15.12.2009 02:50;15
15.12.2009 02:55;15
15.12.2009 03:00;15
15.12.2009 03:05;15
15.12.2009 03:10;15
15.12.2009 03:15;15
15.12.2009 03:20;15
15.12.2009 03:25;15
15.12.2009 03:30;15
15.12.2009 03:35;15
15.12.2009 03:40;15
15.12.2009 03:45;15
15.12.2009 03:50;15
15.12.2009 03:55;15
15.12.2009 04:00;15
15.12.2009 04:05;15
15.12.2009 04:10;15
15.12.2009 04:15;15
15.12.2009 04:20;15
15.12.2009 04:25;15
15.12.2009 04:30;15
15.12.2009 04:35;15
15.12.2009 04:40;15
15.12.2009 04:45;15
15.12.2009 04:50;15
15.12.2009 04:55;15
15.12.2009 05:00;15
15.12.2009 05:05;15
15.12.2009 05:10;15
15.12.2009 05:15;15
15.12.2009 05:20;15
15.12.2009 05:25;15
15.12.2009 05:30;15
15.12.2009 05:35;15
15.12.2009 05:40;15
15.12.2009 05:45;15
15.12.2009 05:50;15
15.12.2009 05:55;15
15.12.2009 06:00;15
15.12.2009 06:05;15
15.12.2009 06:10;15
15.12.2009 06:15;15
15.12.2009 06:20;15
15.12.2009 06:25;15
15.12.2009 06:30;15
15.12.2009 06:35;15
15.12.2009 06:40;15
15.12.2009 06:45;15
15.12.2009 06:50;15
15.12.2009 06:55;15
15.12.2009 07:00;20
15.12.2009 07:05;20
15.12.2009 07:10;20
15.12.2009 07:15;20
15.12.2009 07:20;20
15.12.2009 07:25;20
15.12.2009 07:30;20
15.12.2009 07:35;20
15.12.2009 07:40;20
15.12.2009 07:45;20
15.12.2009 07:50;20
15.12.2009 07:55;20
15.12.2009 08:00;20
15.12.2009 08:05;20
15.12.2009 08:10;20
15.12.2009 08:15;20
15.12.2009 08:20;20
15.12.2009 08:25;20
15.12.2009 08:30;20
15.12.2009 08:35;20
15.12.2009 08:40;20
15.12.2009 08:45;20
15.12.2009 08:50;20
15.12.2009 08:55;20
15.12.2009 09:00;20
15.12.2009 09:05;20
15.12.2009 09:10;20
15.12.2009 09:15;20
15.12.2009 09:20;20
15.12.2009 09:25;20
15.12.2009 09:30;20
15.12.2009 09:35;20
15.12.2009 09:40;20
15.12.2009 09:45;20
15.12.2009 09:50;20
15.12.2009 09:55;20
15.12.2009 10:00;20
15.12.2009 10:05;20
15.12.2009 10:10;20
15.12.2009 10:15;20
15.12.2009 10:20;20
15.12.2009 10:25;20
15.12.2009 10:30;20
15.12.2009 10:35;20
15.12.2009 10:40;20
15.12.2009 10:45;20
15.12.2009 10:50;20
15.12.2009 10:55;20
15.12.2009 11:00;20
15.12.2009 11:05;20
15.12.2009 11:10;20
15.12.2009 11:15;20
15.12.2009 11:20;20
15.12.2009 11:25;20
15.12.2009 11:30;20
15.12.2009 11:35;20
15.12.2009 11:40;20
15.12.2009 11:45;20
15.12.2009 11:50;20
15.12.2009 11:55;20
15.12.2009 12:00;20
15.12.2009 12:05;20
15.12.2009 12:10;20
15.12.2009 12:15;20
15.12.2009 12:20;20
15.12.2009 12:25;20
15.12.2009 12:30;20
15.12.2009 12:35;20
15.12.2009 12:40;20
15.12.2009 12:45;20
15.12.2009 12:50;20
15.12.2009 12:55;20
15.12.2009 13:00;20
15.12.2009 13:05;20
15.12.2009 13:10;20
15.12.2009 13:15;20
15.12.2009 13:20;20
15.12.2009 13:25;20
15.12.2009 13:30;20
15.12.2009 13:35;20
15.12.2009 13:40;20
15.12.2009 13:45;20
15.12.2009 13:50;20
15.12.2009 13:55;20
15.12.2009 14:00;20
15.12.2009 14:05;20
15.12.2009 14:10;20
15.12.2009 14:15;20
15.12.2009 14:20;20
15.12.2009 14:25;20
15.12.2009 14:30;20
15.12.2009 14:35;20
15.12.2009 14:40;20
15.12.2009 14:45;20
15.12.2009 14:50;20
15.12.2009 14:55;20
15.12.2009 15:00;20
15.12.2009 15:05;20
15.12.2009 15:10;20
15.12.2009 15:15;20
15.12.2009 15:20;20
15.12.2009 15:25;20
15.12.2009 15:30;20
15.12.2009 15:35;20
15.12.2009 15:40;20
15.12.2009 15:45;20
15.12.2009 15:50;20
15.12.2009 15:55;20
15.12.2009 16:00;20
15.12.2009 16:05;20
15.12.2009 16:10;20
15.12.2009 16:15;20
15.12.2009 16:20;20
15.12.2009 16:25;20
15.12.2009 16:30;20
15.12.2009 16:35;20
15.12.2009 16:40;20
15.12.2009 16:45;20
15.12.2009 16:50;20
15.12.2009 16:55;20
15.12.2009 17:00;20
15.12.2009 17:05;20
15.12.2009 17:10;20
15.12.2009 17:15;20
15.12.2009 17:20;20
15.12.2009 17:25;20
15.12.2009 17:30;20
15.12.2009 17:35;20
15.12.2009 17:40;20
15.12.2009 17:45;20
15.12.2009 17:50;20
15.12.2009 17:55;20
15.12.2009 18:00;20
15.12.2009 18:05;20
15.12.2009 18:10;20
15.12.2009 18:15;20
15.12.2009 18:20;20
15.12.2009 18:25;20
15.12.2009 18:30;20
15.12.2009 18:35;20
15.12.2009 18:40;20
15.12.2009 18:45;20
15.12.2009 18:50;20
15.12.2009 18:55;20
15.12.2009 19:00;20
15.12.2009 19:05;20
15.12.2009 19:10;20
15.12.2009 19:15;20
15.12.2009 19:20;20
15.12.2009 19:25;20
15.12.2009 19:30;20
15.12.2009 19:35;20
15.12.2009 19:40;20
15.12.2009 19:45;20
15.12.2009 19:50;20
15.12.2009 19:55;20
15.12.2009 20:00;20
15.12.2009 20:05;20
15.12.2009 20:10;20
15.12.2009 20:15;20
15.12.2009 20:20;20
15.12.2009 20:25;20
15.12.2009 20:30;20
15.12.2009 20:35;20
15.12.2009 20:40;20
15.12.2009 20:45;20
15.12.2009 20:50;20
15.12.2009 20:55;20
15.12.2009 21:00;20
15.12.2009 21:05;20
15.12.2009 21:10;20
15.12.2009 21:15;20
15.12.2009 21:20;20
15.12.2009 21:25;20
15.12.2009 21:30;20
15.12.2009 21:35;20
15.12.2009 21:40;20
15.12.2009 21:45;20
15.12.2009 21:50;20
15.12.2009 21:55;20
15.12.2009 22:00;15
15.12.2009 22:05;15
15.12.2009 22:10;15
15.12.2009 22:15;15
15.12.2009 22:20;15
15.12.2009 22:25;15
15.12.2009 22:30;15
15.12.2009 22:35;15
15.12.2009 22:40;15
15.12.2009 22:45;15
15.12.2009 22:50;15
15.12.2009 22:55;15
15.12.2009 23:00;15
15.12.2009 23:05;15
15.12.2009 23:10;15
15.12.2009 23:15;15
15.12.2009 23:20;15
15.12.2009 23:25;15
15.12.2009 23:30;15
15.12.2009 23:35;15
15.12.2009 23:40;15
15.12.2009 23:45;15
15.12.2009 23:50;15
15.12.2009 23:55;15
16.12.2009 00:00;15
16.12.2009 00:05;15
16.12.2009 00:10;15
16.12.2009 00:15;15
16.12.2009 00:20;15
16.12.2009 00:25;15
16.12.2009 00:30;15
16.12.2009 00:35;15
16.12.2009 00:40;15
16.12.2009 00:45;15
16.12.2009 00:50;15
16.12.2009 00:55;15
16.12.2009 01:00;15
16.12.2009 01:05;15
16.12.2009 01:10;15
16.12.2009 01:15;15
16.12.2009 01:20;15
16.12.2009 01:25;15
16.12.2009 01:30;15
16.12.2009 01:35;15
16.12.2009 01:40;15
16.12.2009 01:45;15
16.12.2009 01:50;15
16.12.2009 01:55;15
16.12.2009 02:00;15
16.12.2009 02:05;15
16.12.2009 02:10;15
16.12.2009 02:15;15
16.12.2009 02:20;15
16.12.2009 02:25;15
16.12.2009 02:30;15
16.12.2009 02:35;15
16.12.2009 02:40;15
16.12.2009 02:45;15
16.12.2009 02:50;15
16.12.2009 02:55;15
16.12.2009 03:00;15
16.12.2009 03:05;15
16.12.2009 03:10;15
16.12.2009 03:15;15
16.12.2009 03:20;15
16.12.2009 03:25;15
16.12.2009 03:30;15
16.12.2009 03:35;15
16.12.2009 03:40;15
16.12.2009 03:45;15
16.12.2009 03:50;15
16.12.2009 03:55;15
16.12.2009 04:00;15
16.12.2009 04:05;15
16.12.2009 04:10;15
16.12.2009 04:15;15
16.12.2009 04:20;15
16.12.2009 04:25;15
16.12.2009 04:30;15
16.12.2009 04:35;15
16.12.2009 04:40;15
16.12.2009 04:45;15
16.12.2009 04:50;15
16.12.2009 04:55;15
16.12.2009 05:00;15
16.12.2009 05:05;15
16.12.2009 05:10;15
16.12.2009 05:15;15
16.12.2009 05:20;15
16.12.2009 05:25;15
16.12.2009 05:30;15
16.12.2009 05:35;15
16.12.2009 05:40;15
16.12.2009 05:45;15
16.12.2009 05:50;15
16.12.2009 05:55;15
16.12.2009 06:00;15
16.12.2009 06:05;15
16.12.2009 06:10;15
16.12.2009 06:15;15
16.12.2009 06:20;15
16.12.2009 06:25;15
16.12.2009 06:30;15
16.12.2009 06:35;15
16.12.2009 06:40;15
16.12.2009 06:45;15
16.12.2009 06:50;15
16.12.2009 06:55;15
16.12.2009 07:00;20
16.12.2009 07:05;20
16.12.2009 07:10;20
16.12.2009 07:15;20
16.12.2009 07:20;20
16.12.2009 07:25;20
16.12.2009 07:30;20
16.12.2009 07:35;20
16.12.2009 07:40;20
16.12.2009 07:45;20
16.12.2009 07:50;20
16.12.2009 07:55;20
16.12.2009 08:00;20
16.12.2009 08:05;20
16.12.2009 08:10;20
16.12.2009 08:15;20
16.12.2009 08:20;20
16.12.2009 08:25;20
16.12.2009 08:30;20
16.12.2009 08:35;20
16.12.2009 08:40;20
16.12.2009 08:45;20
16.12.2009 08:50;20
16.12.2009 08:55;20
16.12.2009 09:00;20
16.12.2009 09:05;20
16.12.2009 09:10;20
16.12.2009 09:15;20
16.12.2009 09:20;20
16.12.2009 09:25;20
16.12.2009 09:30;20
16.12.2009 09:35;20
16.12.2009 09:40;20
16.12.2009 09:45;20
16.12.2009 09:50;20
16.12.2009 09:55;20
16.12.2009 10:00;20
16.12.2009 10:05;20
16.12.2009 10:10;20
16.12.2009 10:15;20
16.12.2009 10:20;20
16.12.2009 10:25;20
16.12.2009 10:30;20
16.12.2009 10:35;20
16.12.2009 10:40;20
16.12.2009 10:45;20
16.12.2009 10:50;20
16.12.2009 10:55;20
16.12.2009 11:00;20
16.12.2009 11:05;20
16.12.2009 11:10;20
16.12.2009 11:15;20
16.12.2009 11:20;20
16.12.2009 11:25;20
16.12.2009 11:30;20
16.12.2009 11:35;20
16.12.2009 11:40;20
16.12.2009 11:45;20
16.12.2009 11:50;20
16.12.2009 11:55;20
16.12.2009 12:00;20
16.12.2009 12:05;20
16.12.2009 12:10;20
16.12.2009 12:15;20
16.12.2009 12:20;20
16.12.2009 12:25;20
16.12.2009 12:30;20
16.12.2009 12:35;20
16.12.2009 12:40;20
16.12.2009 12:45;20
16.12.2009 12:50;20
16.12.2009 12:55;20
16.12.2009 13:00;20
16.12.2009 13:05;20
16.12.2009 13:10;20
16.12.2009 13:15;20
16.12.2009 13:20;20
16.12.2009 13:25;20
16.12.2009 13:30;20
16.12.2009 13:35;20
16.12.2009 13:40;20
16.12.2009 13:45;20
16.12.2009 13:50;20
16.12.2009 13:55;20
16.12.2009 14:00;20
16.12.2009 14:05;20
16.12.2009 14:10;20
16.12.2009 14:15;20
16.12.2009 14:20;20
16.12.2009 14:25;20
16.12.2009 14:30;20
16.12.2009 14:35;20
16.12.2009 14:40;20
16.12.2009 14:45;20
16.12.2009 14:50;20
16.12.2009 14:55;20
16.12.2009 15:00;20
16.12.2009 15:05;20
16.12.2009 15:10;20
16.12.2009 15:15;20
16.12.2009 15:20;20
16.12.2009 15:25;20
16.12.2009 15:30;20
16.12.2009 15:35;20
16.12.2009 15:40;20
16.12.2009 15:45;20
16.12.2009 15:50;20
16.12.2009 15:55;20
16.12.2009 16:00;20
16.12.2009 16:05;20
16.12.2009 16:10;20
16.12.2009 16:15;20
16.12.2009 16:20;20
16.12.2009 16:25;20
16.12.2009 16:30;20
16.12.2009 16:35;20
16.12.2009 16:40;20
16.12.2009 16:45;20
16.12.2009 16:50;20
16.12.2009 16:55;20
16.12.2009 17:00;20
16.12.2009 17:05;20
16.12.2009 17:10;20
16.12.2009 17:15;20
16.12.2009 17:20;20
16.12.2009 17:25;20
16.12.2009 17:30;20
16.12.2009 17:35;20
16.12.2009 17:40;20
16.12.2009 17:45;20
16.12.2009 17:50;20
16.12.2009 17:55;20
16.12.2009 18:00;20
16.12.2009 18:05;20
16.12.2009 18:10;20
16.12.2009 18:15;20
16.12.2009 18:20;20
16.12.2009 18:25;20
16.12.2009 18:30;20
16.12.2009 18:35;20
16.12.2009 18:40;20
16.12.2009 18:45;20
16.12.2009 18:50;20
16.12.2009 18:55;20
16.12.2009 19:00;20
16.12.2009 19:05;20
16.12.2009 19:10;20
16.12.2009 19:15;20
16.12.2009 19:20;20
16.12.2009 19:25;20
16.12.2009 19:30;20
16.12.2009 19:35;20
16.12.2009 19:40;20
16.12.2009 19:45;20
16.12.2009 19:50;20
16.12.2009 19:55;20
16.12.2009 20:00;20
16.12.2009 20:05;20
16.12.2009 20:10;20
16.12.2009 20:15;20
16.12.2009 20:20;20
16.12.2009 20:25;20
16.12.2009 20:30;20
16.12.2009 20:35;20
16.12.2009 20:40;20
16.12.2009 20:45;20
16.12.2009 20:50;20
16.12.2009 20:55;20
16.12.2009 21:00;20
16.12.2009 21:05;20
16.12.2009 21:10;20
16.12.2009 21:15;20
16.12.2009 21:20;20
16.12.2009 21:25;20
16.12.2009 21:30;20
16.12.2009 21:35;20
16.12.2009 21:40;20
16.12.2009 21:45;20
16.12.2009 21:50;20
16.12.2009 21:55;20
16.12.2009 22:00;15
16.12.2009 22:05;15
16.12.2009 22:10;15
16.12.2009 22:15;15
16.12.2009 22:20;15
16.12.2009 22:25;15
16.12.2009 22:30;15
16.12.2009 22:35;15
16.12.2009 22:40;15
16.12.2009 22:45;15
16.12.2009 22:50;15
16.12.2009 22:55;15
16.12.2009 23:00;15
16.12.2009 23:05;15
16.12.2009 23:10;15
16.12.2009 23:15;15
16.12.2009 23:20;15
16.12.2009 23:25;15
16.12.2009 23:30;15
16.12.2009 23:35;15
16.12.2009 23:40;15
16.12.2009 23:45;15
16.12.2009 23:50;15
16.12.2009 23:55;15
17.12.2009 00:00;15
17.12.2009 00:05;15
17.12.2009 00:10;15
17.12.2009 00:15;15
17.12.2009 00:20;15
17.12.2009 00:25;15
17.12.2009 00:30;15
17.12.2009 00:35;15
17.12.2009 00:40;15
17.12.2009 00:45;15
17.12.2009 00:50;15
17.12.2009 00:55;15
17.12.2009 01:00;15
17.12.2009 01:05;15
17.12.2009 01:10;15
17.12.2009 01:15;15
17.12.2009 01:20;15
17.12.2009 01:25;15
17.12.2009 01:30;15
17.12.2009 01:35;15
17.12.2009 01:40;15
17.12.2009 01:45;15
17.12.2009 01:50;15
17.12.2009 01:55;15
17.12.2009 02:00;15
17.12.2009 02:05;15
17.12.2009 02:10;15
17.12.2009 02:15;15
17.12.2009 02:20;15
17.12.2009 02:25;15
17.12.2009 02:30;15
17.12.2009 02:35;15
17.12.2009 02:40;15
17.12.2009 02:45;15
17.12.2009 02:50;15
17.12.2009 02:55;15
17.12.2009 03:00;15
17.12.2009 03:05;15
17.12.2009 03:10;15
17.12.2009 03:15;15
17.12.2009 03:20;15
17.12.2009 03:25;15
17.12.2009 03:30;15
17.12.2009 03:35;15
17.12.2009 03:40;15
17.12.2009 03:45;15
17.12.2009 03:50;15
17.12.2009 03:55;15
17.12.2009 04:00;15
17.12.2009 04:05;15
17.12.2009 04:10;15
17.12.2009 04:15;15
17.12.2009 04:20;15
17.12.2009 04:25;15
17.12.2009 04:30;15
17.12.2009 04:35;15
17.12.2009 04:40;15
17.12.2009 04:45;15
17.12.2009 04:50;15
17.12.2009 04:55;15
17.12.2009 05:00;15
17.12.2009 05:05;15
17.12.2009 05:10;15
17.12.2009 05:15;15
17.12.2009 05:20;15
17.12.2009 05:25;15
17.12.2009 05:30;15
17.12.2009 05:35;15
17.12.2009 05:40;15
17.12.2009 05:45;15
17.12.2009 05:50;15
17.12.2009 05:55;15
17.12.2009 06:00;15
17.12.2009 06:05;15
17.12.2009 06:10;15
17.12.2009 06:15;15
17.12.2009 06:20;15
17.12.2009 06:25;15
17.12.2009 06:30;15
17.12.2009 06:35;15
17.12.2009 06:40;15
17.12.2009 06:45;15
17.12.2009 06:50;15
17.12.2009 06:55;15
17.12.2009 07:00;20
17.12.2009 07:05;20
17.12.2009 07:10;20
17.12.2009 07:15;20
17.12.2009 07:20;20
17.12.2009 07:25;20
17.12.2009 07:30;20
17.12.2009 07:35;20
17.12.2009 07:40;20
17.12.2009 07:45;20
17.12.2009 07:50;20
17.12.2009 07:55;20
17.12.2009 08:00;20
17.12.2009 08:05;20
17.12.2009 08:10;20
17.12.2009 08:15;20
17.12.2009 08:20;20
17.12.2009 08:25;20
17.12.2009 08:30;20
17.12.2009 08:35;20
17.12.2009 08:40;20
17.12.2009 08:45;20
17.12.2009 08:50;20
17.12.2009 08:55;20
17.12.2009 09:00;20
17.12.2009 09:05;20
17.12.2009 09:10;20
17.12.2009 09:15;20
17.12.2009 09:20;20
17.12.2009 09:25;20
17.12.2009 09:30;20
17.12.2009 09:35;20
17.12.2009 09:40;20
17.12.2009 09:45;20
17.12.2009 09:50;20
17.12.2009 09:55;20
17.12.2009 10:00;20
17.12.2009 10:05;20
17.12.2009 10:10;20
17.12.2009 10:15;20
17.12.2009 10:20;20
17.12.2009 10:25;20
17.12.2009 10:30;20
17.12.2009 10:35;20
17.12.2009 10:40;20
17.12.2009 10:45;20
17.12.2009 10:50;20
17.12.2009 10:55;20
17.12.2009 11:00;20
17.12.2009 11:05;20
17.12.2009 11:10;20
17.12.2009 11:15;20
17.12.2009 11:20;20
17.12.2009 11:25;20
17.12.2009 11:30;20
17.12.2009 11:35;20
17.12.2009 11:40;20
17.12.2009 11:45;20
17.12.2009 11:50;20
17.12.2009 11:55;20
17.12.2009 12:00;20
17.12.2009 12:05;20
17.12.2009 12:10;20
17.12.2009 12:15;20
17.12.2009 12:20;20
17.12.2009 12:25;20
17.12.2009 12:30;20
17.12.2009 12:35;20
17.12.2009 12:40;20
17.12.2009 12:45;20
17.12.2009 12:50;20
17.12.2009 12:55;20
17.12.2009 13:00;20
17.12.2009 13:05;20
17.12.2009 13:10;20
17.12.2009 13:15;20
17.12.2009 13:20;20
17.12.2009 13:25;20
17.12.2009 13:30;20
17.12.2009 13:35;20
17.12.2009 13:40;20
17.12.2009 13:45;20
17.12.2009 13:50;20
17.12.2009 13:55;20
17.12.2009 14:00;20
17.12.2009 14:05;20
17.12.2009 14:10;20
17.12.2009 14:15;20
17.12.2009 14:20;20
17.12.2009 14:25;20
17.12.2009 14:30;20
17.12.2009 14:35;20
17.12.2009 14:40;20
17.12.2009 14:45;20
17.12.2009 14:50;20
17.12.2009 14:55;20
17.12.2009 15:00;20
17.12.2009 15:05;20
17.12.2009 15:10;20
17.12.2009 15:15;20
17.12.2009 15:20;20
17.12.2009 15:25;20
17.12.2009 15:30;20
17.12.2009 15:35;20
17.12.2009 15:40;20
17.12.2009 15:45;20
17.12.2009 15:50;20
17.12.2009 15:55;20
17.12.2009 16:00;20
17.12.2009 16:05;20
17.12.2009 16:10;20
17.12.2009 16:15;20
17.12.2009 16:20;20
17.12.2009 16:25;20
17.12.2009 16:30;20
17.12.2009 16:35;20
17.12.2009 16:40;20
17.12.2009 16:45;20
17.12.2009 16:50;20
17.12.2009 16:55;20
17.12.2009 17:00;20
17.12.2009 17:05;20
17.12.2009 17:10;20
17.12.2009 17:15;20
17.12.2009 17:20;20
17.12.2009 17:25;20
17.12.2009 17:30;20
17.12.2009 17:35;20
17.12.2009 17:40;20
17.12.2009 17:45;20
17.12.2009 17:50;20
17.12.2009 17:55;20
17.12.2009 18:00;20
17.12.2009 18:05;20
17.12.2009 18:10;20
17.12.2009 18:15;20
17.12.2009 18:20;20
17.12.2009 18:25;20
17.12.2009 18:30;20
17.12.2009 18:35;20
17.12.2009 18:40;20
17.12.2009 18:45;20
17.12.2009 18:50;20
17.12.2009 18:55;20
17.12.2009 19:00;20
17.12.2009 19:05;20
17.12.2009 19:10;20
17.12.2009 19:15;20
17.12.2009 19:20;20
17.12.2009 19:25;20
17.12.2009 19:30;20
17.12.2009 19:35;20
17.12.2009 19:40;20
17.12.2009 19:45;20
17.12.2009 19:50;20
17.12.2009 19:55;20
17.12.2009 20:00;20
17.12.2009 20:05;20
17.12.2009 20:10;20
17.12.2009 20:15;20
17.12.2009 20:20;20
17.12.2009 20:25;20
17.12.2009 20:30;20
17.12.2009 20:35;20
17.12.2009 20:40;20
17.12.2009 20:45;20
17.12.2009 20:50;20
17.12.2009 20:55;20
17.12.2009 21:00;20
17.12.2009 21:05;20
17.12.2009 21:10;20
17.12.2009 21:15;20
17.12.2009 21:20;20
17.12.2009 21:25;20
17.12.2009 21:30;20
17.12.2009 21:35;20
17.12.2009 21:40;20
17.12.2009 21:45;20
17.12.2009 21:50;20
17.12.2009 21:55;20
17.12.2009 22:00;15
17.12.2009 22:05;15
17.12.2009 22:10;15
17.12.2009 22:15;15
17.12.2009 22:20;15
17.12.2009 22:25;15
17.12.2009 22:30;15
17.12.2009 22:35;15
17.12.2009 22:40;15
17.12.2009 22:45;15
17.12.2009 22:50;15
17.12.2009 22:55;15
17.12.2009 23:00;15
17.12.2009 23:05;15
17.12.2009 23:10;15
17.12.2009 23:15;15
17.12.2009 23:20;15
17.12.2009 23:25;15
17.12.2009 23:30;15
17.12.2009 23:35;15
17.12.2009 23:40;15
17.12.2009 23:45;15
17.12.2009 23:50;15
17.12.2009 23:55;15
18.12.2009 00:00;15
18.12.2009 00:05;15
18.12.2009 00:10;15
18.12.2009 00:15;15
18.12.2009 00:20;15
18.12.2009 00:25;15
18.12.2009 00:30;15
18.12.2009 00:35;15
18.12.2009 00:40;15
18.12.2009 00:45;15
18.12.2009 00:50;15
18.12.2009 00:55;15
18.12.2009 01:00;15
18.12.2009 01:05;15
18.12.2009 01:10;15
18.12.2009 01:15;15
18.12.2009 01:20;15
18.12.2009 01:25;15
18.12.2009 01:30;15
18.12.2009 01:35;15
18.12.2009 01:40;15
18.12.2009 01:45;15
18.12.2009 01:50;15
18.12.2009 01:55;15
18.12.2009 02:00;15
18.12.2009 02:05;15
18.12.2009 02:10;15
18.12.2009 02:15;15
18.12.2009 02:20;15
18.12.2009 02:25;15
18.12.2009 02:30;15
18.12.2009 02:35;15
18.12.2009 02:40;15
18.12.2009 02:45;15
18.12.2009 02:50;15
18.12.2009 02:55;15
18.12.2009 03:00;15
18.12.2009 03:05;15
18.12.2009 03:10;15
18.12.2009 03:15;15
18.12.2009 03:20;15
18.12.2009 03:25;15
18.12.2009 03:30;15
18.12.2009 03:35;15
18.12.2009 03:40;15
18.12.2009 03:45;15
18.12.2009 03:50;15
18.12.2009 03:55;15
18.12.2009 04:00;15
18.12.2009 04:05;15
18.12.2009 04:10;15
18.12.2009 04:15;15
18.12.2009 04:20;15
18.12.2009 04:25;15
18.12.2009 04:30;15
18.12.2009 04:35;15
18.12.2009 04:40;15
18.12.2009 04:45;15
18.12.2009 04:50;15
18.12.2009 04:55;15
18.12.2009 05:00;15
18.12.2009 05:05;15
18.12.2009 05:10;15
18.12.2009 05:15;15
18.12.2009 05:20;15
18.12.2009 05:25;15
18.12.2009 05:30;15
18.12.2009 05:35;15
18.12.2009 05:40;15
18.12.2009 05:45;15
18.12.2009 05:50;15
18.12.2009 05:55;15
18.12.2009 06:00;15
18.12.2009 06:05;15
18.12.2009 06:10;15
18.12.2009 06:15;15
18.12.2009 06:20;15
18.12.2009 06:25;15
18.12.2009 06:30;15
18.12.2009 06:35;15
18.12.2009 06:40;15
18.12.2009 06:45;15
18.12.2009 06:50;15
18.12.2009 06:55;15
18.12.2009 07:00;20
18.12.2009 07:05;20
18.12.2009 07:10;20
18.12.2009 07:15;20
18.12.2009 07:20;20
18.12.2009 07:25;20
18.12.2009 07:30;20
18.12.2009 07:35;20
18.12.2009 07:40;20
18.12.2009 07:45;20
18.12.2009 07:50;20
18.12.2009 07:55;20
18.12.2009 08:00;20
18.12.2009 08:05;20
18.12.2009 08:10;20
18.12.2009 08:15;20
18.12.2009 08:20;20
18.12.2009 08:25;20
18.12.2009 08:30;20
18.12.2009 08:35;20
18.12.2009 08:40;20
18.12.2009 08:45;20
18.12.2009 08:50;20
18.12.2009 08:55;20
18.12.2009 09:00;20
18.12.2009 09:05;20
18.12.2009 09:10;20
18.12.2009 09:15;20
18.12.2009 09:20;20
18.12.2009 09:25;20
18.12.2009 09:30;20
18.12.2009 09:35;20
18.12.2009 09:40;20
18.12.2009 09:45;20
18.12.2009 09:50;20
18.12.2009 09:55;20
18.12.2009 10:00;20
18.12.2009 10:05;20
18.12.2009 10:10;20
18.12.2009 10:15;20
18.12.2009 10:20;20
18.12.2009 10:25;20
18.12.2009 10:30;20
18.12.2009 10:35;20
18.12.2009 10:40;20
18.12.2009 10:45;20
18.12.2009 10:50;20
18.12.2009 10:55;20
18.12.2009 11:00;20
18.12.2009 11:05;20
18.12.2009 11:10;20
18.12.2009 11:15;20
18.12.2009 11:20;20
18.12.2009 11:25;20
18.12.2009 11:30;20
18.12.2009 11:35;20
18.12.2009 11:40;20
18.12.2009 11:45;20
18.12.2009 11:50;20
18.12.2009 11:55;20
18.12.2009 12:00;20
18.12.2009 12:05;20
18.12.2009 12:10;20
18.12.2009 12:15;20
18.12.2009 12:20;20
18.12.2009 12:25;20
18.12.2009 12:30;20
18.12.2009 12:35;20
18.12.2009 12:40;20
18.12.2009 12:45;20
18.12.2009 12:50;20
18.12.2009 12:55;20
18.12.2009 13:00;20
18.12.2009 13:05;20
18.12.2009 13:10;20
18.12.2009 13:15;20
18.12.2009 13:20;20
18.12.2009 13:25;20
18.12.2009 13:30;20
18.12.2009 13:35;20
18.12.2009 13:40;20
18.12.2009 13:45;20
18.12.2009 13:50;20
18.12.2009 13:55;20
18.12.2009 14:00;20
18.12.2009 14:05;20
18.12.2009 14:10;20
18.12.2009 14:15;20
18.12.2009 14:20;20
18.12.2009 14:25;20
18.12.2009 14:30;20
18.12.2009 14:35;20
18.12.2009 14:40;20
18.12.2009 14:45;20
18.12.2009 14:50;20
18.12.2009 14:55;20
18.12.2009 15:00;20
18.12.2009 15:05;20
18.12.2009 15:10;20
18.12.2009 15:15;20
18.12.2009 15:20;20
18.12.2009 15:25;20
18.12.2009 15:30;20
18.12.2009 15:35;20
18.12.2009 15:40;20
18.12.2009 15:45;20
18.12.2009 15:50;20
18.12.2009 15:55;20
18.12.2009 16:00;20
18.12.2009 16:05;20
18.12.2009 16:10;20
18.12.2009 16:15;20
18.12.2009 16:20;20
18.12.2009 16:25;20
18.12.2009 16:30;20
18.12.2009 16:35;20
18.12.2009 16:40;20
18.12.2009 16:45;20
18.12.2009 16:50;20
18.12.2009 16:55;20
18.12.2009 17:00;20
18.12.2009 17:05;20
18.12.2009 17:10;20
18.12.2009 17:15;20
18.12.2009 17:20;20
18.12.2009 17:25;20
18.12.2009 17:30;20
18.12.2009 17:35;20
18.12.2009 17:40;20
18.12.2009 17:45;20
18.12.2009 17:50;20
18.12.2009 17:55;20
18.12.2009 18:00;20
18.12.2009 18:05;20
18.12.2009 18:10;20
18.12.2009 18:15;20
18.12.2009 18:20;20
18.12.2009 18:25;20
18.12.2009 18:30;20
18.12.2009 18:35;20
18.12.2009 18:40;20
18.12.2009 18:45;20
18.12.2009 18:50;20
18.12.2009 18:55;20
18.12.2009 19:00;20
18.12.2009 19:05;20
18.12.2009 19:10;20
18.12.2009 19:15;20
18.12.2009 19:20;20
18.12.2009 19:25;20
18.12.2009 19:30;20
18.12.2009 19:35;20
18.12.2009 19:40;20
18.12.2009 19:45;20
18.12.2009 19:50;20
18.12.2009 19:55;20
18.12.2009 20:00;20
18.12.2009 20:05;20
18.12.2009 20:10;20
18.12.2009 20:15;20
18.12.2009 20:20;20
18.12.2009 20:25;20
18.12.2009 20:30;20
18.12.2009 20:35;20
18.12.2009 20:40;20
18.12.2009 20:45;20
18.12.2009 20:50;20
18.12.2009 20:55;20
18.12.2009 21:00;20
18.12.2009 21:05;20
18.12.2009 21:10;20
18.12.2009 21:15;20
18.12.2009 21:20;20
18.12.2009 21:25;20
18.12.2009 21:30;20
18.12.2009 21:35;20
18.12.2009 21:40;20
18.12.2009 21:45;20
18.12.2009 21:50;20
18.12.2009 21:55;20
18.12.2009 22:00;15
18.12.2009 22:05;15
18.12.2009 22:10;15
18.12.2009 22:15;15
18.12.2009 22:20;15
18.12.2009 22:25;15
18.12.2009 22:30;15
18.12.2009 22:35;15
18.12.2009 22:40;15
18.12.2009 22:45;15
18.12.2009 22:50;15
18.12.2009 22:55;15
18.12.2009 23:00;15
18.12.2009 23:05;15
18.12.2009 23:10;15
18.12.2009 23:15;15
18.12.2009 23:20;15
18.12.2009 23:25;15
18.12.2009 23:30;15
18.12.2009 23:35;15
18.12.2009 23:40;15
18.12.2009 23:45;15
18.12.2009 23:50;15
18.12.2009 23:55;15
19.12.2009 00:00;15
19.12.2009 00:05;15
19.12.2009 00:10;15
19.12.2009 00:15;15
19.12.2009 00:20;15
19.12.2009 00:25;15
19.12.2009 00:30;15
19.12.2009 00:35;15
19.12.2009 00:40;15
19.12.2009 00:45;15
19.12.2009 00:50;15
19.12.2009 00:55;15
19.12.2009 01:00;15
19.12.2009 01:05;15
19.12.2009 01:10;15
19.12.2009 01:15;15
19.12.2009 01:20;15
19.12.2009 01:25;15
19.12.2009 01:30;15
19.12.2009 01:35;15
19.12.2009 01:40;15
19.12.2009 01:45;15
19.12.2009 01:50;15
19.12.2009 01:55;15
19.12.2009 02:00;15
19.12.2009 02:05;15
19.12.2009 02:10;15
19.12.2009 02:15;15
19.12.2009 02:20;15
19.12.2009 02:25;15
19.12.2009 02:30;15
19.12.2009 02:35;15
19.12.2009 02:40;15
19.12.2009 02:45;15
19.12.2009 02:50;15
19.12.2009 02:55;15
19.12.2009 03:00;15
19.12.2009 03:05;15
19.12.2009 03:10;15
19.12.2009 03:15;15
19.12.2009 03:20;15
19.12.2009 03:25;15
19.12.2009 03:30;15
19.12.2009 03:35;15
19.12.2009 03:40;15
19.12.2009 03:45;15
19.12.2009 03:50;15
19.12.2009 03:55;15
19.12.2009 04:00;15
19.12.2009 04:05;15
19.12.2009 04:10;15
19.12.2009 04:15;15
19.12.2009 04:20;15
19.12.2009 04:25;15
19.12.2009 04:30;15
19.12.2009 04:35;15
19.12.2009 04:40;15
19.12.2009 04:45;15
19.12.2009 04:50;15
19.12.2009 04:55;15
19.12.2009 05:00;15
19.12.2009 05:05;15
19.12.2009 05:10;15
19.12.2009 05:15;15
19.12.2009 05:20;15
19.12.2009 05:25;15
19.12.2009 05:30;15
19.12.2009 05:35;15
19.12.2009 05:40;15
19.12.2009 05:45;15
19.12.2009 05:50;15
19.12.2009 05:55;15
19.12.2009 06:00;15
19.12.2009 06:05;15
19.12.2009 06:10;15
19.12.2009 06:15;15
19.12.2009 06:20;15
19.12.2009 06:25;15
19.12.2009 06:30;15
19.12.2009 06:35;15
19.12.2009 06:40;15
19.12.2009 06:45;15
19.12.2009 06:50;15
19.12.2009 06:55;15
19.12.2009 07:00;15
19.12.2009 07:05;15
19.12.2009 07:10;15
19.12.2009 07:15;15
19.12.2009 07:20;15
19.12.2009 07:25;15
19.12.2009 07:30;15
19.12.2009 07:35;15
19.12.2009 07:40;15
19.12.2009 07:45;15
19.12.2009 07:50;15
19.12.2009 07:55;15
19.12.2009 08:00;15
19.12.2009 08:05;15
19.12.2009 08:10;15
19.12.2009 08:15;15
19.12.2009 08:20;15
19.12.2009 08:25;15
19.12.2009 08:30;15
19.12.2009 08:35;15
19.12.2009 08:40;15
19.12.2009 08:45;15
19.12.2009 08:50;15
19.12.2009 08:55;15
19.12.2009 09:00;15
19.12.2009 09:05;15
19.12.2009 09:10;15
19.12.2009 09:15;15
19.12.2009 09:20;15
19.12.2009 09:25;15
19.12.2009 09:30;15
19.12.2009 09:35;15
19.12.2009 09:40;15
19.12.2009 09:45;15
19.12.2009 09:50;15
19.12.2009 09:55;15
19.12.2009 10:00;15
19.12.2009 10:05;15
19.12.2009 10:10;15
19.12.2009 10:15;15
19.12.2009 10:20;15
19.12.2009 10:25;15
19.12.2009 10:30;15
19.12.2009 10:35;15
19.12.2009 10:40;15
19.12.2009 10:45;15
19.12.2009 10:50;15
19.12.2009 10:55;15
19.12.2009 11:00;15
19.12.2009 11:05;15
19.12.2009 11:10;15
19.12.2009 11:15;15
19.12.2009 11:20;15
19.12.2009 11:25;15
19.12.2009 11:30;15
19.12.2009 11:35;15
19.12.2009 11:40;15
19.12.2009 11:45;15
19.12.2009 11:50;15
19.12.2009 11:55;15
19.12.2009 12:00;15
19.12.2009 12:05;15
19.12.2009 12:10;15
19.12.2009 12:15;15
19.12.2009 12:20;15
19.12.2009 12:25;15
19.12.2009 12:30;15
19.12.2009 12:35;15
19.12.2009 12:40;15
19.12.2009 12:45;15
19.12.2009 12:50;15
19.12.2009 12:55;15
19.12.2009 13:00;15
19.12.2009 13:05;15
19.12.2009 13:10;15
19.12.2009 13:15;15
19.12.2009 13:20;15
19.12.2009 13:25;15
19.12.2009 13:30;15
19.12.2009 13:35;15
19.12.2009 13:40;15
19.12.2009 13:45;15
19.12.2009 13:50;15
19.12.2009 13:55;15
19.12.2009 14:00;15
19.12.2009 14:05;15
19.12.2009 14:10;15
19.12.2009 14:15;15
19.12.2009 14:20;15
19.12.2009 14:25;15
19.12.2009 14:30;15
19.12.2009 14:35;15
19.12.2009 14:40;15
19.12.2009 14:45;15
19.12.2009 14:50;15
19.12.2009 14:55;15
19.12.2009 15:00;15
19.12.2009 15:05;15
19.12.2009 15:10;15
19.12.2009 15:15;15
19.12.2009 15:20;15
19.12.2009 15:25;15
19.12.2009 15:30;15
19.12.2009 15:35;15
19.12.2009 15:40;15
19.12.2009 15:45;15
19.12.2009 15:50;15
19.12.2009 15:55;15
19.12.2009 16:00;15
19.12.2009 16:05;15
19.12.2009 16:10;15
19.12.2009 16:15;15
19.12.2009 16:20;15
19.12.2009 16:25;15
19.12.2009 16:30;15
19.12.2009 16:35;15
19.12.2009 16:40;15
19.12.2009 16:45;15
19.12.2009 16:50;15
19.12.2009 16:55;15
19.12.2009 17:00;15
19.12.2009 17:05;15
19.12.2009 17:10;15
19.12.2009 17:15;15
19.12.2009 17:20;15
19.12.2009 17:25;15
19.12.2009 17:30;15
19.12.2009 17:35;15
19.12.2009 17:40;15
19.12.2009 17:45;15
19.12.2009 17:50;15
19.12.2009 17:55;15
19.12.2009 18:00;15
19.12.2009 18:05;15
19.12.2009 18:10;15
19.12.2009 18:15;15
19.12.2009 18:20;15
19.12.2009 18:25;15
19.12.2009 18:30;15
19.12.2009 18:35;15
19.12.2009 18:40;15
19.12.2009 18:45;15
19.12.2009 18:50;15
19.12.2009 18:55;15
19.12.2009 19:00;15
19.12.2009 19:05;15
19.12.2009 19:10;15
19.12.2009 19:15;15
19.12.2009 19:20;15
19.12.2009 19:25;15
19.12.2009 19:30;15
19.12.2009 19:35;15
19.12.2009 19:40;15
19.12.2009 19:45;15
19.12.2009 19:50;15
19.12.2009 19:55;15
19.12.2009 20:00;15
19.12.2009 20:05;15
19.12.2009 20:10;15
19.12.2009 20:15;15
19.12.2009 20:20;15
19.12.2009 20:25;15
19.12.2009 20:30;15
19.12.2009 20:35;15
19.12.2009 20:40;15
19.12.2009 20:45;15
19.12.2009 20:50;15
19.12.2009 20:55;15
19.12.2009 21:00;15
19.12.2009 21:05;15
19.12.2009 21:10;15
19.12.2009 21:15;15
19.12.2009 21:20;15
19.12.2009 21:25;15
19.12.2009 21:30;15
19.12.2009 21:35;15
19.12.2009 21:40;15
19.12.2009 21:45;15
19.12.2009 21:50;15
19.12.2009 21:55;15
19.12.2009 22:00;15
19.12.2009 22:05;15
19.12.2009 22:10;15
19.12.2009 22:15;15
19.12.2009 22:20;15
19.12.2009 22:25;15
19.12.2009 22:30;15
19.12.2009 22:35;15
19.12.2009 22:40;15
19.12.2009 22:45;15
19.12.2009 22:50;15
19.12.2009 22:55;15
19.12.2009 23:00;15
19.12.2009 23:05;15
19.12.2009 23:10;15
19.12.2009 23:15;15
19.12.2009 23:20;15
19.12.2009 23:25;15
19.12.2009 23:30;15
19.12.2009 23:35;15
19.12.2009 23:40;15
19.12.2009 23:45;15
19.12.2009 23:50;15
19.12.2009 23:55;15
20.12.2009 00:00;15
20.12.2009 00:05;15
20.12.2009 00:10;15
20.12.2009 00:15;15
20.12.2009 00:20;15
20.12.2009 00:25;15
20.12.2009 00:30;15
20.12.2009 00:35;15
20.12.2009 00:40;15
20.12.2009 00:45;15
20.12.2009 00:50;15
20.12.2009 00:55;15
20.12.2009 01:00;15
20.12.2009 01:05;15
20.12.2009 01:10;15
20.12.2009 01:15;15
20.12.2009 01:20;15
20.12.2009 01:25;15
20.12.2009 01:30;15
20.12.2009 01:35;15
20.12.2009 01:40;15
20.12.2009 01:45;15
20.12.2009 01:50;15
20.12.2009 01:55;15
20.12.2009 02:00;15
20.12.2009 02:05;15
20.12.2009 02:10;15
20.12.2009 02:15;15
20.12.2009 02:20;15
20.12.2009 02:25;15
20.12.2009 02:30;15
20.12.2009 02:35;15
20.12.2009 02:40;15
20.12.2009 02:45;15
20.12.2009 02:50;15
20.12.2009 02:55;15
20.12.2009 03:00;15
20.12.2009 03:05;15
20.12.2009 03:10;15
20.12.2009 03:15;15
20.12.2009 03:20;15
20.12.2009 03:25;15
20.12.2009 03:30;15
20.12.2009 03:35;15
20.12.2009 03:40;15
20.12.2009 03:45;15
20.12.2009 03:50;15
20.12.2009 03:55;15
20.12.2009 04:00;15
20.12.2009 04:05;15
20.12.2009 04:10;15
20.12.2009 04:15;15
20.12.2009 04:20;15
20.12.2009 04:25;15
20.12.2009 04:30;15
20.12.2009 04:35;15
20.12.2009 04:40;15
20.12.2009 04:45;15
20.12.2009 04:50;15
20.12.2009 04:55;15
20.12.2009 05:00;15
20.12.2009 05:05;15
20.12.2009 05:10;15
20.12.2009 05:15;15
20.12.2009 05:20;15
20.12.2009 05:25;15
20.12.2009 05:30;15
20.12.2009 05:35;15
20.12.2009 05:40;15
20.12.2009 05:45;15
20.12.2009 05:50;15
20.12.2009 05:55;15
20.12.2009 06:00;15
20.12.2009 06:05;15
20.12.2009 06:10;15
20.12.2009 06:15;15
20.12.2009 06:20;15
20.12.2009 06:25;15
20.12.2009 06:30;15
20.12.2009 06:35;15
20.12.2009 06:40;15
20.12.2009 06:45;15
20.12.2009 06:50;15
20.12.2009 06:55;15
20.12.2009 07:00;15
20.12.2009 07:05;15
20.12.2009 07:10;15
20.12.2009 07:15;15
20.12.2009 07:20;15
20.12.2009 07:25;15
20.12.2009 07:30;15
20.12.2009 07:35;15
20.12.2009 07:40;15
20.12.2009 07:45;15
20.12.2009 07:50;15
20.12.2009 07:55;15
20.12.2009 08:00;15
20.12.2009 08:05;15
20.12.2009 08:10;15
20.12.2009 08:15;15
20.12.2009 08:20;15
20.12.2009 08:25;15
20.12.2009 08:30;15
20.12.2009 08:35;15
20.12.2009 08:40;15
20.12.2009 08:45;15
20.12.2009 08:50;15
20.12.2009 08:55;15
20.12.2009 09:00;15
20.12.2009 09:05;15
20.12.2009 09:10;15
20.12.2009 09:15;15
20.12.2009 09:20;15
20.12.2009 09:25;15
20.12.2009 09:30;15
20.12.2009 09:35;15
20.12.2009 09:40;15
20.12.2009 09:45;15
20.12.2009 09:50;15
20.12.2009 09:55;15
20.12.2009 10:00;15
20.12.2009 10:05;15
20.12.2009 10:10;15
20.12.2009 10:15;15
20.12.2009 10:20;15
20.12.2009 10:25;15
20.12.2009 10:30;15
20.12.2009 10:35;15
20.12.2009 10:40;15
20.12.2009 10:45;15
20.12.2009 10:50;15
20.12.2009 10:55;15
20.12.2009 11:00;15
20.12.2009 11:05;15
20.12.2009 11:10;15
20.12.2009 11:15;15
20.12.2009 11:20;15
20.12.2009 11:25;15
20.12.2009 11:30;15
20.12.2009 11:35;15
20.12.2009 11:40;15
20.12.2009 11:45;15
20.12.2009 11:50;15
20.12.2009 11:55;15
20.12.2009 12:00;15
20.12.2009 12:05;15
20.12.2009 12:10;15
20.12.2009 12:15;15
20.12.2009 12:20;15
20.12.2009 12:25;15
20.12.2009 12:30;15
20.12.2009 12:35;15
20.12.2009 12:40;15
20.12.2009 12:45;15
20.12.2009 12:50;15
20.12.2009 12:55;15
20.12.2009 13:00;15
20.12.2009 13:05;15
20.12.2009 13:10;15
20.12.2009 13:15;15
20.12.2009 13:20;15
20.12.2009 13:25;15
20.12.2009 13:30;15
20.12.2009 13:35;15
20.12.2009 13:40;15
20.12.2009 13:45;15
20.12.2009 13:50;15
20.12.2009 13:55;15
20.12.2009 14:00;15
20.12.2009 14:05;15
20.12.2009 14:10;15
20.12.2009 14:15;15
20.12.2009 14:20;15
20.12.2009 14:25;15
20.12.2009 14:30;15
20.12.2009 14:35;15
20.12.2009 14:40;15
20.12.2009 14:45;15
20.12.2009 14:50;15
20.12.2009 14:55;15
20.12.2009 15:00;15
20.12.2009 15:05;15
20.12.2009 15:10;15
20.12.2009 15:15;15
20.12.2009 15:20;15
20.12.2009 15:25;15
20.12.2009 15:30;15
20.12.2009 15:35;15
20.12.2009 15:40;15
20.12.2009 15:45;15
20.12.2009 15:50;15
20.12.2009 15:55;15
20.12.2009 16:00;15
20.12.2009 16:05;15
20.12.2009 16:10;15
20.12.2009 16:15;15
20.12.2009 16:20;15
20.12.2009 16:25;15
20.12.2009 16:30;15
20.12.2009 16:35;15
20.12.2009 16:40;15
20.12.2009 16:45;15
20.12.2009 16:50;15
20.12.2009 16:55;15
20.12.2009 17:00;15
20.12.2009 17:05;15
20.12.2009 17:10;15
20.12.2009 17:15;15
20.12.2009 17:20;15
20.12.2009 17:25;15
20.12.2009 17:30;15
20.12.2009 17:35;15
20.12.2009 17:40;15
20.12.2009 17:45;15
20.12.2009 17:50;15
20.12.2009 17:55;15
20.12.2009 18:00;15
20.12.2009 18:05;15
20.12.2009 18:10;15
20.12.2009 18:15;15
20.12.2009 18:20;15
20.12.2009 18:25;15
20.12.2009 18:30;15
20.12.2009 18:35;15
20.12.2009 18:40;15
20.12.2009 18:45;15
20.12.2009 18:50;15
20.12.2009 18:55;15
20.12.2009 19:00;15
20.12.2009 19:05;15
20.12.2009 19:10;15
20.12.2009 19:15;15
20.12.2009 19:20;15
20.12.2009 19:25;15
20.12.2009 19:30;15
20.12.2009 19:35;15
20.12.2009 19:40;15
20.12.2009 19:45;15
20.12.2009 19:50;15
20.12.2009 19:55;15
20.12.2009 20:00;15
20.12.2009 20:05;15
20.12.2009 20:10;15
20.12.2009 20:15;15
20.12.2009 20:20;15
20.12.2009 20:25;15
20.12.2009 20:30;15
20.12.2009 20:35;15
20.12.2009 20:40;15
20.12.2009 20:45;15
20.12.2009 20:50;15
20.12.2009 20:55;15
20.12.2009 21:00;15
20.12.2009 21:05;15
20.12.2009 21:10;15
20.12.2009 21:15;15
20.12.2009 21:20;15
20.12.2009 21:25;15
20.12.2009 21:30;15
20.12.2009 21:35;15
20.12.2009 21:40;15
20.12.2009 21:45;15
20.12.2009 21:50;15
20.12.2009 21:55;15
20.12.2009 22:00;15
20.12.2009 22:05;15
20.12.2009 22:10;15
20.12.2009 22:15;15
20.12.2009 22:20;15
20.12.2009 22:25;15
20.12.2009 22:30;15
20.12.2009 22:35;15
20.12.2009 22:40;15
20.12.2009 22:45;15
20.12.2009 22:50;15
20.12.2009 22:55;15
20.12.2009 23:00;15
20.12.2009 23:05;15
20.12.2009 23:10;15
20.12.2009 23:15;15
20.12.2009 23:20;15
20.12.2009 23:25;15
20.12.2009 23:30;15
20.12.2009 23:35;15
20.12.2009 23:40;15
20.12.2009 23:45;15
20.12.2009 23:50;15
20.12.2009 23:55;15
21.12.2009 00:00;15
21.12.2009 00:05;15
21.12.2009 00:10;15
21.12.2009 00:15;15
21.12.2009 00:20;15
21.12.2009 00:25;15
21.12.2009 00:30;15
21.12.2009 00:35;15
21.12.2009 00:40;15
21.12.2009 00:45;15
21.12.2009 00:50;15
21.12.2009 00:55;15
21.12.2009 01:00;15
21.12.2009 01:05;15
21.12.2009 01:10;15
21.12.2009 01:15;15
21.12.2009 01:20;15
21.12.2009 01:25;15
21.12.2009 01:30;15
21.12.2009 01:35;15
21.12.2009 01:40;15
21.12.2009 01:45;15
21.12.2009 01:50;15
21.12.2009 01:55;15
21.12.2009 02:00;15
21.12.2009 02:05;15
21.12.2009 02:10;15
21.12.2009 02:15;15
21.12.2009 02:20;15
21.12.2009 02:25;15
21.12.2009 02:30;15
21.12.2009 02:35;15
21.12.2009 02:40;15
21.12.2009 02:45;15
21.12.2009 02:50;15
21.12.2009 02:55;15
21.12.2009 03:00;15
21.12.2009 03:05;15
21.12.2009 03:10;15
21.12.2009 03:15;15
21.12.2009 03:20;15
21.12.2009 03:25;15
21.12.2009 03:30;15
21.12.2009 03:35;15
21.12.2009 03:40;15
21.12.2009 03:45;15
21.12.2009 03:50;15
21.12.2009 03:55;15
21.12.2009 04:00;15
21.12.2009 04:05;15
21.12.2009 04:10;15
21.12.2009 04:15;15
21.12.2009 04:20;15
21.12.2009 04:25;15
21.12.2009 04:30;15
21.12.2009 04:35;15
21.12.2009 04:40;15
21.12.2009 04:45;15
21.12.2009 04:50;15
21.12.2009 04:55;15
21.12.2009 05:00;15
21.12.2009 05:05;15
21.12.2009 05:10;15
21.12.2009 05:15;15
21.12.2009 05:20;15
21.12.2009 05:25;15
21.12.2009 05:30;15
21.12.2009 05:35;15
21.12.2009 05:40;15
21.12.2009 05:45;15
21.12.2009 05:50;15
21.12.2009 05:55;15
21.12.2009 06:00;15
21.12.2009 06:05;15
21.12.2009 06:10;15
21.12.2009 06:15;15
21.12.2009 06:20;15
21.12.2009 06:25;15
21.12.2009 06:30;15
21.12.2009 06:35;15
21.12.2009 06:40;15
21.12.2009 06:45;15
21.12.2009 06:50;15
21.12.2009 06:55;15
21.12.2009 07:00;20
21.12.2009 07:05;20
21.12.2009 07:10;20
21.12.2009 07:15;20
21.12.2009 07:20;20
21.12.2009 07:25;20
21.12.2009 07:30;20
21.12.2009 07:35;20
21.12.2009 07:40;20
21.12.2009 07:45;20
21.12.2009 07:50;20
21.12.2009 07:55;20
21.12.2009 08:00;20
21.12.2009 08:05;20
21.12.2009 08:10;20
21.12.2009 08:15;20
21.12.2009 08:20;20
21.12.2009 08:25;20
21.12.2009 08:30;20
21.12.2009 08:35;20
21.12.2009 08:40;20
21.12.2009 08:45;20
21.12.2009 08:50;20
21.12.2009 08:55;20
21.12.2009 09:00;20
21.12.2009 09:05;20
21.12.2009 09:10;20
21.12.2009 09:15;20
21.12.2009 09:20;20
21.12.2009 09:25;20
21.12.2009 09:30;20
21.12.2009 09:35;20
21.12.2009 09:40;20
21.12.2009 09:45;20
21.12.2009 09:50;20
21.12.2009 09:55;20
21.12.2009 10:00;20
21.12.2009 10:05;20
21.12.2009 10:10;20
21.12.2009 10:15;20
21.12.2009 10:20;20
21.12.2009 10:25;20
21.12.2009 10:30;20
21.12.2009 10:35;20
21.12.2009 10:40;20
21.12.2009 10:45;20
21.12.2009 10:50;20
21.12.2009 10:55;20
21.12.2009 11:00;20
21.12.2009 11:05;20
21.12.2009 11:10;20
21.12.2009 11:15;20
21.12.2009 11:20;20
21.12.2009 11:25;20
21.12.2009 11:30;20
21.12.2009 11:35;20
21.12.2009 11:40;20
21.12.2009 11:45;20
21.12.2009 11:50;20
21.12.2009 11:55;20
21.12.2009 12:00;20
21.12.2009 12:05;20
21.12.2009 12:10;20
21.12.2009 12:15;20
21.12.2009 12:20;20
21.12.2009 12:25;20
21.12.2009 12:30;20
21.12.2009 12:35;20
21.12.2009 12:40;20
21.12.2009 12:45;20
21.12.2009 12:50;20
21.12.2009 12:55;20
21.12.2009 13:00;20
21.12.2009 13:05;20
21.12.2009 13:10;20
21.12.2009 13:15;20
21.12.2009 13:20;20
21.12.2009 13:25;20
21.12.2009 13:30;20
21.12.2009 13:35;20
21.12.2009 13:40;20
21.12.2009 13:45;20
21.12.2009 13:50;20
21.12.2009 13:55;20
21.12.2009 14:00;20
21.12.2009 14:05;20
21.12.2009 14:10;20
21.12.2009 14:15;20
21.12.2009 14:20;20
21.12.2009 14:25;20
21.12.2009 14:30;20
21.12.2009 14:35;20
21.12.2009 14:40;20
21.12.2009 14:45;20
21.12.2009 14:50;20
21.12.2009 14:55;20
21.12.2009 15:00;20
21.12.2009 15:05;20
21.12.2009 15:10;20
21.12.2009 15:15;20
21.12.2009 15:20;20
21.12.2009 15:25;20
21.12.2009 15:30;20
21.12.2009 15:35;20
21.12.2009 15:40;20
21.12.2009 15:45;20
21.12.2009 15:50;20
21.12.2009 15:55;20
21.12.2009 16:00;20
21.12.2009 16:05;20
21.12.2009 16:10;20
21.12.2009 16:15;20
21.12.2009 16:20;20
21.12.2009 16:25;20
21.12.2009 16:30;20
21.12.2009 16:35;20
21.12.2009 16:40;20
21.12.2009 16:45;20
21.12.2009 16:50;20
21.12.2009 16:55;20
21.12.2009 17:00;20
21.12.2009 17:05;20
21.12.2009 17:10;20
21.12.2009 17:15;20
21.12.2009 17:20;20
21.12.2009 17:25;20
21.12.2009 17:30;20
21.12.2009 17:35;20
21.12.2009 17:40;20
21.12.2009 17:45;20
21.12.2009 17:50;20
21.12.2009 17:55;20
21.12.2009 18:00;20
21.12.2009 18:05;20
21.12.2009 18:10;20
21.12.2009 18:15;20
21.12.2009 18:20;20
21.12.2009 18:25;20
21.12.2009 18:30;20
21.12.2009 18:35;20
21.12.2009 18:40;20
21.12.2009 18:45;20
21.12.2009 18:50;20
21.12.2009 18:55;20
21.12.2009 19:00;20
21.12.2009 19:05;20
21.12.2009 19:10;20
21.12.2009 19:15;20
21.12.2009 19:20;20
21.12.2009 19:25;20
21.12.2009 19:30;20
21.12.2009 19:35;20
21.12.2009 19:40;20
21.12.2009 19:45;20
21.12.2009 19:50;20
21.12.2009 19:55;20
21.12.2009 20:00;20
21.12.2009 20:05;20
21.12.2009 20:10;20
21.12.2009 20:15;20
21.12.2009 20:20;20
21.12.2009 20:25;20
21.12.2009 20:30;20
21.12.2009 20:35;20
21.12.2009 20:40;20
21.12.2009 20:45;20
21.12.2009 20:50;20
21.12.2009 20:55;20
21.12.2009 21:00;20
21.12.2009 21:05;20
21.12.2009 21:10;20
21.12.2009 21:15;20
21.12.2009 21:20;20
21.12.2009 21:25;20
21.12.2009 21:30;20
21.12.2009 21:35;20
21.12.2009 21:40;20
21.12.2009 21:45;20
21.12.2009 21:50;20
21.12.2009 21:55;20
21.12.2009 22:00;15
21.12.2009 22:05;15
21.12.2009 22:10;15
21.12.2009 22:15;15
21.12.2009 22:20;15
21.12.2009 22:25;15
21.12.2009 22:30;15
21.12.2009 22:35;15
21.12.2009 22:40;15
21.12.2009 22:45;15
21.12.2009 22:50;15
21.12.2009 22:55;15
21.12.2009 23:00;15
21.12.2009 23:05;15
21.12.2009 23:10;15
21.12.2009 23:15;15
21.12.2009 23:20;15
21.12.2009 23:25;15
21.12.2009 23:30;15
21.12.2009 23:35;15
21.12.2009 23:40;15
21.12.2009 23:45;15
21.12.2009 23:50;15
21.12.2009 23:55;15
22.12.2009 00:00;15
22.12.2009 00:05;15
22.12.2009 00:10;15
22.12.2009 00:15;15
22.12.2009 00:20;15
22.12.2009 00:25;15
22.12.2009 00:30;15
22.12.2009 00:35;15
22.12.2009 00:40;15
22.12.2009 00:45;15
22.12.2009 00:50;15
22.12.2009 00:55;15
22.12.2009 01:00;15
22.12.2009 01:05;15
22.12.2009 01:10;15
22.12.2009 01:15;15
22.12.2009 01:20;15
22.12.2009 01:25;15
22.12.2009 01:30;15
22.12.2009 01:35;15
22.12.2009 01:40;15
22.12.2009 01:45;15
22.12.2009 01:50;15
22.12.2009 01:55;15
22.12.2009 02:00;15
22.12.2009 02:05;15
22.12.2009 02:10;15
22.12.2009 02:15;15
22.12.2009 02:20;15
22.12.2009 02:25;15
22.12.2009 02:30;15
22.12.2009 02:35;15
22.12.2009 02:40;15
22.12.2009 02:45;15
22.12.2009 02:50;15
22.12.2009 02:55;15
22.12.2009 03:00;15
22.12.2009 03:05;15
22.12.2009 03:10;15
22.12.2009 03:15;15
22.12.2009 03:20;15
22.12.2009 03:25;15
22.12.2009 03:30;15
22.12.2009 03:35;15
22.12.2009 03:40;15
22.12.2009 03:45;15
22.12.2009 03:50;15
22.12.2009 03:55;15
22.12.2009 04:00;15
22.12.2009 04:05;15
22.12.2009 04:10;15
22.12.2009 04:15;15
22.12.2009 04:20;15
22.12.2009 04:25;15
22.12.2009 04:30;15
22.12.2009 04:35;15
22.12.2009 04:40;15
22.12.2009 04:45;15
22.12.2009 04:50;15
22.12.2009 04:55;15
22.12.2009 05:00;15
22.12.2009 05:05;15
22.12.2009 05:10;15
22.12.2009 05:15;15
22.12.2009 05:20;15
22.12.2009 05:25;15
22.12.2009 05:30;15
22.12.2009 05:35;15
22.12.2009 05:40;15
22.12.2009 05:45;15
22.12.2009 05:50;15
22.12.2009 05:55;15
22.12.2009 06:00;15
22.12.2009 06:05;15
22.12.2009 06:10;15
22.12.2009 06:15;15
22.12.2009 06:20;15
22.12.2009 06:25;15
22.12.2009 06:30;15
22.12.2009 06:35;15
22.12.2009 06:40;15
22.12.2009 06:45;15
22.12.2009 06:50;15
22.12.2009 06:55;15
22.12.2009 07:00;20
22.12.2009 07:05;20
22.12.2009 07:10;20
22.12.2009 07:15;20
22.12.2009 07:20;20
22.12.2009 07:25;20
22.12.2009 07:30;20
22.12.2009 07:35;20
22.12.2009 07:40;20
22.12.2009 07:45;20
22.12.2009 07:50;20
22.12.2009 07:55;20
22.12.2009 08:00;20
22.12.2009 08:05;20
22.12.2009 08:10;20
22.12.2009 08:15;20
22.12.2009 08:20;20
22.12.2009 08:25;20
22.12.2009 08:30;20
22.12.2009 08:35;20
22.12.2009 08:40;20
22.12.2009 08:45;20
22.12.2009 08:50;20
22.12.2009 08:55;20
22.12.2009 09:00;20
22.12.2009 09:05;20
22.12.2009 09:10;20
22.12.2009 09:15;20
22.12.2009 09:20;20
22.12.2009 09:25;20
22.12.2009 09:30;20
22.12.2009 09:35;20
22.12.2009 09:40;20
22.12.2009 09:45;20
22.12.2009 09:50;20
22.12.2009 09:55;20
22.12.2009 10:00;20
22.12.2009 10:05;20
22.12.2009 10:10;20
22.12.2009 10:15;20
22.12.2009 10:20;20
22.12.2009 10:25;20
22.12.2009 10:30;20
22.12.2009 10:35;20
22.12.2009 10:40;20
22.12.2009 10:45;20
22.12.2009 10:50;20
22.12.2009 10:55;20
22.12.2009 11:00;20
22.12.2009 11:05;20
22.12.2009 11:10;20
22.12.2009 11:15;20
22.12.2009 11:20;20
22.12.2009 11:25;20
22.12.2009 11:30;20
22.12.2009 11:35;20
22.12.2009 11:40;20
22.12.2009 11:45;20
22.12.2009 11:50;20
22.12.2009 11:55;20
22.12.2009 12:00;20
22.12.2009 12:05;20
22.12.2009 12:10;20
22.12.2009 12:15;20
22.12.2009 12:20;20
22.12.2009 12:25;20
22.12.2009 12:30;20
22.12.2009 12:35;20
22.12.2009 12:40;20
22.12.2009 12:45;20
22.12.2009 12:50;20
22.12.2009 12:55;20
22.12.2009 13:00;20
22.12.2009 13:05;20
22.12.2009 13:10;20
22.12.2009 13:15;20
22.12.2009 13:20;20
22.12.2009 13:25;20
22.12.2009 13:30;20
22.12.2009 13:35;20
22.12.2009 13:40;20
22.12.2009 13:45;20
22.12.2009 13:50;20
22.12.2009 13:55;20
22.12.2009 14:00;20
22.12.2009 14:05;20
22.12.2009 14:10;20
22.12.2009 14:15;20
22.12.2009 14:20;20
22.12.2009 14:25;20
22.12.2009 14:30;20
22.12.2009 14:35;20
22.12.2009 14:40;20
22.12.2009 14:45;20
22.12.2009 14:50;20
22.12.2009 14:55;20
22.12.2009 15:00;20
22.12.2009 15:05;20
22.12.2009 15:10;20
22.12.2009 15:15;20
22.12.2009 15:20;20
22.12.2009 15:25;20
22.12.2009 15:30;20
22.12.2009 15:35;20
22.12.2009 15:40;20
22.12.2009 15:45;20
22.12.2009 15:50;20
22.12.2009 15:55;20
22.12.2009 16:00;20
22.12.2009 16:05;20
22.12.2009 16:10;20
22.12.2009 16:15;20
22.12.2009 16:20;20
22.12.2009 16:25;20
22.12.2009 16:30;20
22.12.2009 16:35;20
22.12.2009 16:40;20
22.12.2009 16:45;20
22.12.2009 16:50;20
22.12.2009 16:55;20
22.12.2009 17:00;20
22.12.2009 17:05;20
22.12.2009 17:10;20
22.12.2009 17:15;20
22.12.2009 17:20;20
22.12.2009 17:25;20
22.12.2009 17:30;20
22.12.2009 17:35;20
22.12.2009 17:40;20
22.12.2009 17:45;20
22.12.2009 17:50;20
22.12.2009 17:55;20
22.12.2009 18:00;20
22.12.2009 18:05;20
22.12.2009 18:10;20
22.12.2009 18:15;20
22.12.2009 18:20;20
22.12.2009 18:25;20
22.12.2009 18:30;20
22.12.2009 18:35;20
22.12.2009 18:40;20
22.12.2009 18:45;20
22.12.2009 18:50;20
22.12.2009 18:55;20
22.12.2009 19:00;20
22.12.2009 19:05;20
22.12.2009 19:10;20
22.12.2009 19:15;20
22.12.2009 19:20;20
22.12.2009 19:25;20
22.12.2009 19:30;20
22.12.2009 19:35;20
22.12.2009 19:40;20
22.12.2009 19:45;20
22.12.2009 19:50;20
22.12.2009 19:55;20
22.12.2009 20:00;20
22.12.2009 20:05;20
22.12.2009 20:10;20
22.12.2009 20:15;20
22.12.2009 20:20;20
22.12.2009 20:25;20
22.12.2009 20:30;20
22.12.2009 20:35;20
22.12.2009 20:40;20
22.12.2009 20:45;20
22.12.2009 20:50;20
22.12.2009 20:55;20
22.12.2009 21:00;20
22.12.2009 21:05;20
22.12.2009 21:10;20
22.12.2009 21:15;20
22.12.2009 21:20;20
22.12.2009 21:25;20
22.12.2009 21:30;20
22.12.2009 21:35;20
22.12.2009 21:40;20
22.12.2009 21:45;20
22.12.2009 21:50;20
22.12.2009 21:55;20
22.12.2009 22:00;15
22.12.2009 22:05;15
22.12.2009 22:10;15
22.12.2009 22:15;15
22.12.2009 22:20;15
22.12.2009 22:25;15
22.12.2009 22:30;15
22.12.2009 22:35;15
22.12.2009 22:40;15
22.12.2009 22:45;15
22.12.2009 22:50;15
22.12.2009 22:55;15
22.12.2009 23:00;15
22.12.2009 23:05;15
22.12.2009 23:10;15
22.12.2009 23:15;15
22.12.2009 23:20;15
22.12.2009 23:25;15
22.12.2009 23:30;15
22.12.2009 23:35;15
22.12.2009 23:40;15
22.12.2009 23:45;15
22.12.2009 23:50;15
22.12.2009 23:55;15
23.12.2009 00:00;15
23.12.2009 00:05;15
23.12.2009 00:10;15
23.12.2009 00:15;15
23.12.2009 00:20;15
23.12.2009 00:25;15
23.12.2009 00:30;15
23.12.2009 00:35;15
23.12.2009 00:40;15
23.12.2009 00:45;15
23.12.2009 00:50;15
23.12.2009 00:55;15
23.12.2009 01:00;15
23.12.2009 01:05;15
23.12.2009 01:10;15
23.12.2009 01:15;15
23.12.2009 01:20;15
23.12.2009 01:25;15
23.12.2009 01:30;15
23.12.2009 01:35;15
23.12.2009 01:40;15
23.12.2009 01:45;15
23.12.2009 01:50;15
23.12.2009 01:55;15
23.12.2009 02:00;15
23.12.2009 02:05;15
23.12.2009 02:10;15
23.12.2009 02:15;15
23.12.2009 02:20;15
23.12.2009 02:25;15
23.12.2009 02:30;15
23.12.2009 02:35;15
23.12.2009 02:40;15
23.12.2009 02:45;15
23.12.2009 02:50;15
23.12.2009 02:55;15
23.12.2009 03:00;15
23.12.2009 03:05;15
23.12.2009 03:10;15
23.12.2009 03:15;15
23.12.2009 03:20;15
23.12.2009 03:25;15
23.12.2009 03:30;15
23.12.2009 03:35;15
23.12.2009 03:40;15
23.12.2009 03:45;15
23.12.2009 03:50;15
23.12.2009 03:55;15
23.12.2009 04:00;15
23.12.2009 04:05;15
23.12.2009 04:10;15
23.12.2009 04:15;15
23.12.2009 04:20;15
23.12.2009 04:25;15
23.12.2009 04:30;15
23.12.2009 04:35;15
23.12.2009 04:40;15
23.12.2009 04:45;15
23.12.2009 04:50;15
23.12.2009 04:55;15
23.12.2009 05:00;15
23.12.2009 05:05;15
23.12.2009 05:10;15
23.12.2009 05:15;15
23.12.2009 05:20;15
23.12.2009 05:25;15
23.12.2009 05:30;15
23.12.2009 05:35;15
23.12.2009 05:40;15
23.12.2009 05:45;15
23.12.2009 05:50;15
23.12.2009 05:55;15
23.12.2009 06:00;15
23.12.2009 06:05;15
23.12.2009 06:10;15
23.12.2009 06:15;15
23.12.2009 06:20;15
23.12.2009 06:25;15
23.12.2009 06:30;15
23.12.2009 06:35;15
23.12.2009 06:40;15
23.12.2009 06:45;15
23.12.2009 06:50;15
23.12.2009 06:55;15
23.12.2009 07:00;20
23.12.2009 07:05;20
23.12.2009 07:10;20
23.12.2009 07:15;20
23.12.2009 07:20;20
23.12.2009 07:25;20
23.12.2009 07:30;20
23.12.2009 07:35;20
23.12.2009 07:40;20
23.12.2009 07:45;20
23.12.2009 07:50;20
23.12.2009 07:55;20
23.12.2009 08:00;20
23.12.2009 08:05;20
23.12.2009 08:10;20
23.12.2009 08:15;20
23.12.2009 08:20;20
23.12.2009 08:25;20
23.12.2009 08:30;20
23.12.2009 08:35;20
23.12.2009 08:40;20
23.12.2009 08:45;20
23.12.2009 08:50;20
23.12.2009 08:55;20
23.12.2009 09:00;20
23.12.2009 09:05;20
23.12.2009 09:10;20
23.12.2009 09:15;20
23.12.2009 09:20;20
23.12.2009 09:25;20
23.12.2009 09:30;20
23.12.2009 09:35;20
23.12.2009 09:40;20
23.12.2009 09:45;20
23.12.2009 09:50;20
23.12.2009 09:55;20
23.12.2009 10:00;20
23.12.2009 10:05;20
23.12.2009 10:10;20
23.12.2009 10:15;20
23.12.2009 10:20;20
23.12.2009 10:25;20
23.12.2009 10:30;20
23.12.2009 10:35;20
23.12.2009 10:40;20
23.12.2009 10:45;20
23.12.2009 10:50;20
23.12.2009 10:55;20
23.12.2009 11:00;20
23.12.2009 11:05;20
23.12.2009 11:10;20
23.12.2009 11:15;20
23.12.2009 11:20;20
23.12.2009 11:25;20
23.12.2009 11:30;20
23.12.2009 11:35;20
23.12.2009 11:40;20
23.12.2009 11:45;20
23.12.2009 11:50;20
23.12.2009 11:55;20
23.12.2009 12:00;20
23.12.2009 12:05;20
23.12.2009 12:10;20
23.12.2009 12:15;20
23.12.2009 12:20;20
23.12.2009 12:25;20
23.12.2009 12:30;20
23.12.2009 12:35;20
23.12.2009 12:40;20
23.12.2009 12:45;20
23.12.2009 12:50;20
23.12.2009 12:55;20
23.12.2009 13:00;20
23.12.2009 13:05;20
23.12.2009 13:10;20
23.12.2009 13:15;20
23.12.2009 13:20;20
23.12.2009 13:25;20
23.12.2009 13:30;20
23.12.2009 13:35;20
23.12.2009 13:40;20
23.12.2009 13:45;20
23.12.2009 13:50;20
23.12.2009 13:55;20
23.12.2009 14:00;20
23.12.2009 14:05;20
23.12.2009 14:10;20
23.12.2009 14:15;20
23.12.2009 14:20;20
23.12.2009 14:25;20
23.12.2009 14:30;20
23.12.2009 14:35;20
23.12.2009 14:40;20
23.12.2009 14:45;20
23.12.2009 14:50;20
23.12.2009 14:55;20
23.12.2009 15:00;20
23.12.2009 15:05;20
23.12.2009 15:10;20
23.12.2009 15:15;20
23.12.2009 15:20;20
23.12.2009 15:25;20
23.12.2009 15:30;20
23.12.2009 15:35;20
23.12.2009 15:40;20
23.12.2009 15:45;20
23.12.2009 15:50;20
23.12.2009 15:55;20
23.12.2009 16:00;20
23.12.2009 16:05;20
23.12.2009 16:10;20
23.12.2009 16:15;20
23.12.2009 16:20;20
23.12.2009 16:25;20
23.12.2009 16:30;20
23.12.2009 16:35;20
23.12.2009 16:40;20
23.12.2009 16:45;20
23.12.2009 16:50;20
23.12.2009 16:55;20
23.12.2009 17:00;20
23.12.2009 17:05;20
23.12.2009 17:10;20
23.12.2009 17:15;20
23.12.2009 17:20;20
23.12.2009 17:25;20
23.12.2009 17:30;20
23.12.2009 17:35;20
23.12.2009 17:40;20
23.12.2009 17:45;20
23.12.2009 17:50;20
23.12.2009 17:55;20
23.12.2009 18:00;20
23.12.2009 18:05;20
23.12.2009 18:10;20
23.12.2009 18:15;20
23.12.2009 18:20;20
23.12.2009 18:25;20
23.12.2009 18:30;20
23.12.2009 18:35;20
23.12.2009 18:40;20
23.12.2009 18:45;20
23.12.2009 18:50;20
23.12.2009 18:55;20
23.12.2009 19:00;20
23.12.2009 19:05;20
23.12.2009 19:10;20
23.12.2009 19:15;20
23.12.2009 19:20;20
23.12.2009 19:25;20
23.12.2009 19:30;20
23.12.2009 19:35;20
23.12.2009 19:40;20
23.12.2009 19:45;20
23.12.2009 19:50;20
23.12.2009 19:55;20
23.12.2009 20:00;20
23.12.2009 20:05;20
23.12.2009 20:10;20
23.12.2009 20:15;20
23.12.2009 20:20;20
23.12.2009 20:25;20
23.12.2009 20:30;20
23.12.2009 20:35;20
23.12.2009 20:40;20
23.12.2009 20:45;20
23.12.2009 20:50;20
23.12.2009 20:55;20
23.12.2009 21:00;20
23.12.2009 21:05;20
23.12.2009 21:10;20
23.12.2009 21:15;20
23.12.2009 21:20;20
23.12.2009 21:25;20
23.12.2009 21:30;20
23.12.2009 21:35;20
23.12.2009 21:40;20
23.12.2009 21:45;20
23.12.2009 21:50;20
23.12.2009 21:55;20
23.12.2009 22:00;15
23.12.2009 22:05;15
23.12.2009 22:10;15
23.12.2009 22:15;15
23.12.2009 22:20;15
23.12.2009 22:25;15
23.12.2009 22:30;15
23.12.2009 22:35;15
23.12.2009 22:40;15
23.12.2009 22:45;15
23.12.2009 22:50;15
23.12.2009 22:55;15
23.12.2009 23:00;15
23.12.2009 23:05;15
23.12.2009 23:10;15
23.12.2009 23:15;15
23.12.2009 23:20;15
23.12.2009 23:25;15
23.12.2009 23:30;15
23.12.2009 23:35;15
23.12.2009 23:40;15
23.12.2009 23:45;15
23.12.2009 23:50;15
23.12.2009 23:55;15
24.12.2009 00:00;15
24.12.2009 00:05;15
24.12.2009 00:10;15
24.12.2009 00:15;15
24.12.2009 00:20;15
24.12.2009 00:25;15
24.12.2009 00:30;15
24.12.2009 00:35;15
24.12.2009 00:40;15
24.12.2009 00:45;15
24.12.2009 00:50;15
24.12.2009 00:55;15
24.12.2009 01:00;15
24.12.2009 01:05;15
24.12.2009 01:10;15
24.12.2009 01:15;15
24.12.2009 01:20;15
24.12.2009 01:25;15
24.12.2009 01:30;15
24.12.2009 01:35;15
24.12.2009 01:40;15
24.12.2009 01:45;15
24.12.2009 01:50;15
24.12.2009 01:55;15
24.12.2009 02:00;15
24.12.2009 02:05;15
24.12.2009 02:10;15
24.12.2009 02:15;15
24.12.2009 02:20;15
24.12.2009 02:25;15
24.12.2009 02:30;15
24.12.2009 02:35;15
24.12.2009 02:40;15
24.12.2009 02:45;15
24.12.2009 02:50;15
24.12.2009 02:55;15
24.12.2009 03:00;15
24.12.2009 03:05;15
24.12.2009 03:10;15
24.12.2009 03:15;15
24.12.2009 03:20;15
24.12.2009 03:25;15
24.12.2009 03:30;15
24.12.2009 03:35;15
24.12.2009 03:40;15
24.12.2009 03:45;15
24.12.2009 03:50;15
24.12.2009 03:55;15
24.12.2009 04:00;15
24.12.2009 04:05;15
24.12.2009 04:10;15
24.12.2009 04:15;15
24.12.2009 04:20;15
24.12.2009 04:25;15
24.12.2009 04:30;15
24.12.2009 04:35;15
24.12.2009 04:40;15
24.12.2009 04:45;15
24.12.2009 04:50;15
24.12.2009 04:55;15
24.12.2009 05:00;15
24.12.2009 05:05;15
24.12.2009 05:10;15
24.12.2009 05:15;15
24.12.2009 05:20;15
24.12.2009 05:25;15
24.12.2009 05:30;15
24.12.2009 05:35;15
24.12.2009 05:40;15
24.12.2009 05:45;15
24.12.2009 05:50;15
24.12.2009 05:55;15
24.12.2009 06:00;15
24.12.2009 06:05;15
24.12.2009 06:10;15
24.12.2009 06:15;15
24.12.2009 06:20;15
24.12.2009 06:25;15
24.12.2009 06:30;15
24.12.2009 06:35;15
24.12.2009 06:40;15
24.12.2009 06:45;15
24.12.2009 06:50;15
24.12.2009 06:55;15
24.12.2009 07:00;20
24.12.2009 07:05;20
24.12.2009 07:10;20
24.12.2009 07:15;20
24.12.2009 07:20;20
24.12.2009 07:25;20
24.12.2009 07:30;20
24.12.2009 07:35;20
24.12.2009 07:40;20
24.12.2009 07:45;20
24.12.2009 07:50;20
24.12.2009 07:55;20
24.12.2009 08:00;20
24.12.2009 08:05;20
24.12.2009 08:10;20
24.12.2009 08:15;20
24.12.2009 08:20;20
24.12.2009 08:25;20
24.12.2009 08:30;20
24.12.2009 08:35;20
24.12.2009 08:40;20
24.12.2009 08:45;20
24.12.2009 08:50;20
24.12.2009 08:55;20
24.12.2009 09:00;20
24.12.2009 09:05;20
24.12.2009 09:10;20
24.12.2009 09:15;20
24.12.2009 09:20;20
24.12.2009 09:25;20
24.12.2009 09:30;20
24.12.2009 09:35;20
24.12.2009 09:40;20
24.12.2009 09:45;20
24.12.2009 09:50;20
24.12.2009 09:55;20
24.12.2009 10:00;20
24.12.2009 10:05;20
24.12.2009 10:10;20
24.12.2009 10:15;20
24.12.2009 10:20;20
24.12.2009 10:25;20
24.12.2009 10:30;20
24.12.2009 10:35;20
24.12.2009 10:40;20
24.12.2009 10:45;20
24.12.2009 10:50;20
24.12.2009 10:55;20
24.12.2009 11:00;20
24.12.2009 11:05;20
24.12.2009 11:10;20
24.12.2009 11:15;20
24.12.2009 11:20;20
24.12.2009 11:25;20
24.12.2009 11:30;20
24.12.2009 11:35;20
24.12.2009 11:40;20
24.12.2009 11:45;20
24.12.2009 11:50;20
24.12.2009 11:55;20
24.12.2009 12:00;20
24.12.2009 12:05;20
24.12.2009 12:10;20
24.12.2009 12:15;20
24.12.2009 12:20;20
24.12.2009 12:25;20
24.12.2009 12:30;20
24.12.2009 12:35;20
24.12.2009 12:40;20
24.12.2009 12:45;20
24.12.2009 12:50;20
24.12.2009 12:55;20
24.12.2009 13:00;20
24.12.2009 13:05;20
24.12.2009 13:10;20
24.12.2009 13:15;20
24.12.2009 13:20;20
24.12.2009 13:25;20
24.12.2009 13:30;20
24.12.2009 13:35;20
24.12.2009 13:40;20
24.12.2009 13:45;20
24.12.2009 13:50;20
24.12.2009 13:55;20
24.12.2009 14:00;20
24.12.2009 14:05;20
24.12.2009 14:10;20
24.12.2009 14:15;20
24.12.2009 14:20;20
24.12.2009 14:25;20
24.12.2009 14:30;20
24.12.2009 14:35;20
24.12.2009 14:40;20
24.12.2009 14:45;20
24.12.2009 14:50;20
24.12.2009 14:55;20
24.12.2009 15:00;20
24.12.2009 15:05;20
24.12.2009 15:10;20
24.12.2009 15:15;20
24.12.2009 15:20;20
24.12.2009 15:25;20
24.12.2009 15:30;20
24.12.2009 15:35;20
24.12.2009 15:40;20
24.12.2009 15:45;20
24.12.2009 15:50;20
24.12.2009 15:55;20
24.12.2009 16:00;20
24.12.2009 16:05;20
24.12.2009 16:10;20
24.12.2009 16:15;20
24.12.2009 16:20;20
24.12.2009 16:25;20
24.12.2009 16:30;20
24.12.2009 16:35;20
24.12.2009 16:40;20
24.12.2009 16:45;20
24.12.2009 16:50;20
24.12.2009 16:55;20
24.12.2009 17:00;20
24.12.2009 17:05;20
24.12.2009 17:10;20
24.12.2009 17:15;20
24.12.2009 17:20;20
24.12.2009 17:25;20
24.12.2009 17:30;20
24.12.2009 17:35;20
24.12.2009 17:40;20
24.12.2009 17:45;20
24.12.2009 17:50;20
24.12.2009 17:55;20
24.12.2009 18:00;20
24.12.2009 18:05;20
24.12.2009 18:10;20
24.12.2009 18:15;20
24.12.2009 18:20;20
24.12.2009 18:25;20
24.12.2009 18:30;20
24.12.2009 18:35;20
24.12.2009 18:40;20
24.12.2009 18:45;20
24.12.2009 18:50;20
24.12.2009 18:55;20
24.12.2009 19:00;20
24.12.2009 19:05;20
24.12.2009 19:10;20
24.12.2009 19:15;20
24.12.2009 19:20;20
24.12.2009 19:25;20
24.12.2009 19:30;20
24.12.2009 19:35;20
24.12.2009 19:40;20
24.12.2009 19:45;20
24.12.2009 19:50;20
24.12.2009 19:55;20
24.12.2009 20:00;20
24.12.2009 20:05;20
24.12.2009 20:10;20
24.12.2009 20:15;20
24.12.2009 20:20;20
24.12.2009 20:25;20
24.12.2009 20:30;20
24.12.2009 20:35;20
24.12.2009 20:40;20
24.12.2009 20:45;20
24.12.2009 20:50;20
24.12.2009 20:55;20
24.12.2009 21:00;20
24.12.2009 21:05;20
24.12.2009 21:10;20
24.12.2009 21:15;20
24.12.2009 21:20;20
24.12.2009 21:25;20
24.12.2009 21:30;20
24.12.2009 21:35;20
24.12.2009 21:40;20
24.12.2009 21:45;20
24.12.2009 21:50;20
24.12.2009 21:55;20
24.12.2009 22:00;15
24.12.2009 22:05;15
24.12.2009 22:10;15
24.12.2009 22:15;15
24.12.2009 22:20;15
24.12.2009 22:25;15
24.12.2009 22:30;15
24.12.2009 22:35;15
24.12.2009 22:40;15
24.12.2009 22:45;15
24.12.2009 22:50;15
24.12.2009 22:55;15
24.12.2009 23:00;15
24.12.2009 23:05;15
24.12.2009 23:10;15
24.12.2009 23:15;15
24.12.2009 23:20;15
24.12.2009 23:25;15
24.12.2009 23:30;15
24.12.2009 23:35;15
24.12.2009 23:40;15
24.12.2009 23:45;15
24.12.2009 23:50;15
24.12.2009 23:55;15
