T0;Tr1;Tpco;Tpm;Tzco;Tzco_ref;Tzm;Fcob_i;rtb_Fcob;TrSP1;Um;Ub1;Ub2;Tr2;TrSP2
0.000000;0.118387;6.264275;52.990975;36.352075;55.000000;85.000000;0.011111;0.008186;5.000000;1.000000;0.736717;1.000000;0.179652;16.000000
0.000000;0.828887;19.467655;63.415857;50.276379;55.000000;85.000000;0.011111;0.009943;5.000000;1.000000;0.894886;1.000000;1.068300;16.000000
3.200000;2.371618;30.167770;63.035314;53.887696;49.400000;77.000000;0.011111;0.010137;5.000000;1.000000;0.912366;1.000000;2.750651;16.000000
3.150000;4.190313;36.725184;65.171885;57.466487;49.487500;77.125000;0.011111;0.009078;5.000000;1.000000;0.817051;1.000000;4.660037;16.000000
3.150000;6.057998;40.276781;67.047511;60.546220;49.487500;77.125000;0.011111;0.006932;5.000000;1.000000;0.623911;1.000000;6.634203;16.000000
3.150000;7.812630;41.162676;68.607806;63.109412;49.487500;77.125000;0.011111;0.003899;5.000000;1.000000;0.350926;1.000000;8.588984;16.000000
3.150000;9.311670;38.993673;69.945924;65.330075;49.487500;77.125000;0.011111;0.000239;5.000000;1.000000;0.021550;1.000000;10.478480;16.000000
3.150000;10.427409;34.998551;63.043809;61.310554;49.487500;77.125000;0.011111;0.000000;5.000000;0.000000;0.000000;1.000000;12.257559;16.000000
3.150000;11.197671;31.673003;58.115205;56.631595;49.487500;77.125000;0.011111;0.000000;5.000000;0.000000;0.000000;1.000000;13.803582;16.000000
3.150000;11.700190;28.891758;53.800430;52.479228;49.487500;77.125000;0.011111;0.000000;5.000000;0.000000;0.000000;1.000000;15.052714;16.000000
3.150000;11.996132;26.547483;49.921927;48.725655;49.487500;77.125000;0.011111;0.000000;5.000000;0.000000;0.000000;1.000000;16.007062;16.000000
3.150000;12.133575;24.555088;46.396900;45.306619;49.487500;77.125000;0.011111;0.000000;5.000000;0.000000;0.000000;1.000000;16.694126;16.000000
3.150000;12.150276;22.847065;43.180091;42.184286;49.487500;77.125000;0.011111;0.000000;5.000000;0.000000;0.000000;1.000000;17.149048;16.000000
3.150000;12.075848;21.369802;40.241192;39.331293;49.487500;77.125000;0.011111;0.000000;5.000000;0.000000;0.000000;1.000000;17.407252;16.000000
3.150000;11.933480;20.080678;37.555883;36.724536;49.487500;77.125000;0.011111;0.000000;5.000000;0.000000;0.000000;1.000000;17.501554;16.000000
3.050000;11.734279;18.945255;61.140617;52.745722;49.662500;77.375000;0.011111;0.000000;5.000000;1.000000;0.000000;1.000000;17.532097;16.000000
3.150000;11.507267;17.936654;60.918489;57.695484;49.487500;77.125000;0.011111;0.000000;5.000000;0.000000;0.000000;1.000000;17.831993;16.000000
3.150000;11.255440;17.033814;53.548374;51.557980;49.487500;77.125000;0.011111;0.000000;5.000000;0.000000;0.000000;1.000000;18.315921;16.000000
3.050000;10.980325;16.218877;48.078749;46.490753;49.662500;77.375000;0.011111;0.000000;5.000000;0.000000;0.000000;1.000000;18.723676;16.000000
3.050000;10.696384;15.477585;43.600190;42.269713;49.662500;77.375000;0.011111;0.000000;5.000000;0.000000;0.000000;1.000000;18.962659;16.000000
3.050000;10.408537;14.798943;61.164959;52.771973;49.662500;77.375000;0.011111;0.000000;5.000000;1.000000;0.000000;1.000000;19.059560;16.000000
3.150000;10.127558;14.174571;56.748607;54.218506;49.487500;77.125000;0.011111;0.000000;5.000000;0.000000;0.000000;1.000000;19.293930;16.000000
3.050000;9.841383;13.597076;50.146063;48.282002;49.662500;77.375000;0.011111;0.000000;5.000000;0.000000;0.000000;1.000000;19.590284;16.000000
3.050000;9.560120;13.060021;44.968730;43.452135;49.662500;77.375000;0.011111;0.000000;5.000000;0.000000;0.000000;1.000000;19.771379;16.000000
3.050000;9.285276;12.558626;61.511659;53.166831;49.662500;77.375000;0.011111;0.000000;5.000000;1.000000;0.000000;1.000000;19.822026;16.000000
3.050000;9.017926;12.088945;55.629227;53.160480;49.662500;77.375000;0.011111;0.000000;5.000000;0.000000;0.000000;1.000000;19.989584;16.000000
3.050000;8.758807;11.647698;49.075411;47.211919;49.662500;77.375000;0.011111;0.000000;5.000000;0.000000;0.000000;1.000000;20.198271;16.000000
3.050000;8.508394;11.232140;50.358721;43.479595;49.662500;77.375000;0.011111;0.000000;5.000000;1.000000;0.000000;1.000000;20.281605;16.000000
3.050000;8.266960;10.839953;62.860006;55.937028;49.662500;77.375000;0.011111;0.000000;5.000000;0.000000;0.000000;1.000000;20.300177;16.000000
3.050000;8.034627;10.469165;52.972221;50.728147;49.662500;77.375000;0.011111;0.000000;5.000000;0.000000;0.000000;1.000000;20.458777;16.000000
3.050000;7.811395;10.118085;46.851262;45.085721;49.662500;77.375000;0.011111;0.000000;5.000000;0.000000;0.000000;1.000000;20.584899;16.000000
3.050000;7.597179;9.785246;59.333414;50.379446;49.662500;77.375000;0.011111;0.000000;5.000000;1.000000;0.000000;1.000000;20.575126;16.000000
3.050000;7.391827;9.469369;57.296085;54.690417;49.662500;77.375000;0.009392;0.000000;5.000000;0.000000;0.000000;0.845320;20.625148;16.000000
3.050000;7.195137;9.169324;51.438236;50.014492;49.662500;77.375000;0.006658;0.000000;5.000000;0.000000;0.000000;0.599264;20.742131;16.000000
3.050000;7.006876;8.884109;48.050814;47.242919;49.662500;77.375000;0.003981;0.000000;5.000000;0.000000;0.000000;0.358327;20.768820;16.000000
3.050000;6.826785;8.612823;46.306052;45.969455;49.662500;77.375000;0.001462;0.000000;5.000000;0.000000;0.000000;0.131563;20.671285;16.000000
3.050000;6.654590;8.354655;58.269031;56.894443;49.662500;77.375000;0.000000;0.000000;5.000000;0.000000;0.000000;0.000000;20.449789;16.000000
3.000000;6.486496;8.108612;57.583170;57.580304;49.750000;77.500000;0.000000;0.000000;5.000000;0.000000;0.000000;0.000000;20.112933;16.000000
3.000000;6.326146;7.873853;57.581740;57.581734;49.750000;77.500000;0.000000;0.000000;5.000000;0.000000;0.000000;0.000000;19.693702;16.000000
3.000000;6.173182;7.649865;57.581737;57.581737;49.750000;77.500000;0.000000;0.000000;5.000000;0.000000;0.000000;0.000000;19.216460;16.000000
3.000000;6.027260;7.436157;57.581737;57.581737;49.750000;77.500000;0.000000;0.000000;5.000000;0.000000;0.000000;0.000000;18.700128;16.000000
3.000000;5.888055;7.232261;57.581737;57.581737;49.750000;77.500000;0.000000;0.000000;5.000000;0.000000;0.000000;0.000000;18.159335;16.000000
3.000000;5.755255;7.037728;57.581737;57.581737;49.750000;77.500000;0.000000;0.000000;5.000000;0.000000;0.000000;0.000000;17.605343;16.000000
2.900000;5.621541;6.851624;57.581737;57.581737;49.925000;77.750000;0.000000;0.000000;5.000000;0.000000;0.000000;0.000000;17.039735;16.000000
2.900000;5.494488;6.673208;57.581737;57.581737;49.925000;77.750000;0.000000;0.000000;5.000000;0.000000;0.000000;0.000000;16.476904;16.000000
2.900000;5.373683;6.502310;57.581737;57.581737;49.925000;77.750000;0.000000;0.000000;5.000000;0.000000;0.000000;0.000000;15.921605;16.000000
2.800000;5.251728;6.338223;57.581737;57.581737;50.100000;78.000000;0.000000;0.000000;5.000000;0.000000;0.000000;0.000000;15.370325;16.000000
2.800000;5.136142;6.180391;57.581737;57.581737;50.100000;78.000000;0.000000;0.000000;5.000000;0.000000;0.000000;0.000000;14.833460;16.000000
2.800000;5.026475;6.028800;57.581737;57.581737;50.100000;78.000000;0.000000;0.000000;5.000000;0.000000;0.000000;0.000000;14.312647;16.000000
2.800000;4.922325;5.883374;57.581737;57.581737;50.100000;78.000000;0.000000;0.000000;5.000000;0.000000;0.000000;0.000000;13.808961;16.000000
2.800000;4.823340;5.744000;57.581737;57.581737;50.100000;78.000000;0.000000;0.000000;5.000000;0.000000;0.000000;0.000000;13.323050;16.000000
2.800000;4.729203;5.610534;57.280883;56.900880;50.100000;78.000000;0.001350;0.000000;5.000000;0.000000;0.000000;0.121542;12.865327;16.000000
2.800000;4.639629;5.482807;54.950763;53.857607;50.100000;78.000000;0.003521;0.000000;5.000000;0.000000;0.000000;0.316860;12.564699;16.000000
2.800000;4.554358;5.360641;50.860561;49.361641;50.100000;78.000000;0.005478;0.000000;5.000000;0.000000;0.000000;0.493013;12.538917;16.000000
2.800000;4.473154;5.243844;46.018867;44.421543;50.100000;78.000000;0.007110;0.000000;5.000000;0.000000;0.000000;0.639880;12.754608;16.000000
2.750000;4.392285;5.131970;41.176944;39.654093;50.187500;78.125000;0.008453;0.000000;5.000000;0.000000;0.000000;0.760807;13.087106;16.000000
2.750000;4.315481;5.024654;36.675754;35.285074;50.187500;78.125000;0.009613;0.000000;5.000000;0.000000;0.000000;0.865144;13.415746;16.000000
2.750000;4.242482;4.921811;32.591869;31.334060;50.187500;78.125000;0.010711;0.000000;5.000000;0.000000;0.000000;0.963978;13.654896;16.000000
2.750000;4.173055;4.823332;28.935899;27.843287;50.187500;78.125000;0.011111;0.000000;5.000000;0.000000;0.000000;1.000000;13.761942;16.000000
2.750000;4.106991;4.729093;25.836080;24.912111;50.187500;78.125000;0.011111;0.000000;5.000000;0.000000;0.000000;1.000000;13.728923;16.000000
2.750000;4.044098;4.638959;23.193647;22.400374;50.187500;78.125000;0.011111;0.000000;5.000000;0.000000;0.000000;1.000000;13.571575;16.000000
2.750000;3.984204;4.552790;50.618792;38.011229;50.187500;78.125000;0.011111;0.000000;5.000000;1.000000;0.000000;1.000000;13.342764;16.000000
2.750000;3.927147;4.470441;62.253350;53.131314;50.187500;78.125000;0.011111;0.000000;5.000000;1.000000;0.000000;1.000000;13.439129;16.000000
2.750000;3.872779;4.391766;66.059850;58.338352;50.187500;78.125000;0.011111;0.000000;5.000000;1.000000;0.000000;1.000000;14.003834;16.000000
2.750000;3.820964;4.316619;67.553950;60.467793;50.187500;78.125000;0.011111;0.000000;5.000000;1.000000;0.000000;1.000000;14.856401;16.000000
2.750000;3.771572;4.244857;56.744669;53.979954;50.187500;78.125000;0.011111;0.000000;5.000000;0.000000;0.000000;1.000000;15.803630;16.000000
2.750000;3.724484;4.176340;49.214689;47.047720;50.187500;78.125000;0.011111;0.000000;5.000000;0.000000;0.000000;1.000000;16.601486;16.000000
2.750000;3.679586;4.110929;43.158196;41.376937;50.187500;78.125000;0.011111;0.000000;5.000000;0.000000;0.000000;1.000000;17.131395;16.000000
2.750000;3.636773;4.048491;61.680354;52.743538;50.187500;78.125000;0.011111;0.000000;5.000000;1.000000;0.000000;1.000000;17.444865;16.000000
2.750000;3.595944;3.988896;59.052557;55.632667;50.187500;78.125000;0.011111;0.000000;5.000000;0.000000;0.000000;1.000000;17.852849;16.000000
2.650000;3.549979;3.931513;50.631944;48.299495;50.362500;78.375000;0.011111;0.000000;5.000000;0.000000;0.000000;1.000000;18.314457;16.000000
2.650000;3.506648;3.875892;51.842797;44.222377;50.362500;78.375000;0.009637;0.000000;5.000000;1.000000;0.000000;0.867312;18.625755;16.000000
2.750000;3.472746;3.822640;62.701688;57.216235;50.187500;78.125000;0.007899;0.000000;5.000000;0.000000;0.000000;0.710920;18.827559;16.000000
2.650000;3.433191;3.771644;54.983901;53.368161;50.362500;78.375000;0.005982;0.000000;5.000000;0.000000;0.000000;0.538379;19.077226;16.000000
2.650000;3.395818;3.722380;51.018390;50.025722;50.362500;78.375000;0.004000;0.000000;5.000000;0.000000;0.000000;0.360019;19.269708;16.000000
2.650000;3.360451;3.674896;48.700318;48.173864;50.362500;78.375000;0.002081;0.000000;5.000000;0.000000;0.000000;0.187289;19.339288;16.000000
2.650000;3.326937;3.629214;47.697053;47.566117;50.362500;78.375000;0.000310;0.000000;5.000000;0.000000;0.000000;0.027884;19.274344;16.000000
2.650000;3.295142;3.585329;47.611570;47.611168;50.362500;78.375000;0.000000;0.000000;5.000000;0.000000;0.000000;0.000000;19.075311;16.000000
2.750000;3.271977;3.543730;56.894759;56.692370;50.187500;78.125000;0.000000;0.000000;5.000000;0.000000;0.000000;0.000000;18.773633;16.000000
2.750000;3.249478;3.504715;56.793776;56.793354;50.187500;78.125000;0.000000;0.000000;5.000000;0.000000;0.000000;0.000000;18.391435;16.000000
2.750000;3.227698;3.468025;56.793565;56.793564;50.187500;78.125000;0.000000;0.000000;5.000000;0.000000;0.000000;0.000000;17.952268;16.000000
2.650000;3.199645;3.432934;56.793565;56.793565;50.362500;78.375000;0.000000;0.000000;5.000000;0.000000;0.000000;0.000000;17.467401;16.000000
2.750000;3.180221;3.399434;56.793565;56.793565;50.187500;78.125000;0.000000;0.000000;5.000000;0.000000;0.000000;0.000000;16.965874;16.000000
2.750000;3.161428;3.367916;56.793565;56.793565;50.187500;78.125000;0.000000;0.000000;5.000000;0.000000;0.000000;0.000000;16.450585;16.000000
2.650000;3.136266;3.337690;56.793565;56.793565;50.362500;78.375000;0.000000;0.000000;5.000000;0.000000;0.000000;0.000000;15.922884;16.000000
2.650000;3.112608;3.308269;56.793565;56.793565;50.362500;78.375000;0.000000;0.000000;5.000000;0.000000;0.000000;0.000000;15.396993;16.000000
2.650000;3.090311;3.279739;56.793565;56.793565;50.362500;78.375000;0.000000;0.000000;5.000000;0.000000;0.000000;0.000000;14.877548;16.000000
2.650000;3.069256;3.252157;56.793565;56.793565;50.362500;78.375000;0.000000;0.000000;5.000000;0.000000;0.000000;0.000000;14.367983;16.000000
2.650000;3.049339;3.225554;56.731090;56.589076;50.362500;78.375000;0.000621;0.000000;5.000000;0.000000;0.000000;0.055881;13.872352;16.000000
2.650000;3.030473;3.199947;55.345172;54.593488;50.362500;78.375000;0.002381;0.000000;5.000000;0.000000;0.000000;0.214277;13.461441;16.000000
2.650000;3.012581;3.175338;52.254672;51.042274;50.362500;78.375000;0.004087;0.000000;5.000000;0.000000;0.000000;0.367868;13.255967;16.000000
2.650000;2.995596;3.151719;48.116208;46.685949;50.362500;78.375000;0.005589;0.000000;5.000000;0.000000;0.000000;0.503040;13.279001;16.000000
2.600000;2.975945;3.128820;43.623354;42.166269;50.450000;78.500000;0.006856;0.000000;5.000000;0.000000;0.000000;0.617027;13.459159;16.000000
2.600000;2.957505;3.106456;39.223177;37.838730;50.450000;78.500000;0.007936;0.000000;5.000000;0.000000;0.000000;0.714237;13.698111;16.000000
2.600000;2.940157;3.084710;35.108779;33.828723;50.450000;78.500000;0.008923;0.000000;5.000000;0.000000;0.000000;0.803055;13.906142;16.000000
2.600000;2.923797;3.063641;31.319534;30.142603;50.450000;78.500000;0.009916;0.000000;5.000000;0.000000;0.000000;0.892472;14.024768;16.000000
2.500000;2.901316;3.042778;27.830317;26.744012;50.625000;78.750000;0.011017;0.000000;5.000000;0.000000;0.000000;0.991547;14.018181;16.000000
2.600000;2.887524;3.022319;57.071776;46.180637;50.450000;78.500000;0.011111;0.000000;5.000000;1.000000;0.000000;1.000000;13.976905;16.000000
2.600000;2.874354;3.002822;64.521722;56.049336;50.450000;78.500000;0.011111;0.000000;5.000000;1.000000;0.000000;1.000000;14.283103;16.000000
2.600000;2.861779;2.984239;67.084815;59.595629;50.450000;78.500000;0.011111;0.000000;5.000000;1.000000;0.000000;1.000000;14.950025;16.000000
2.500000;2.842748;2.966017;59.037305;55.941970;50.625000;78.750000;0.011111;0.000000;5.000000;0.000000;0.000000;1.000000;15.798316;16.000000
2.500000;2.825097;2.947783;50.787199;48.442229;50.625000;78.750000;0.011111;0.000000;5.000000;0.000000;0.000000;1.000000;16.586113;16.000000
2.500000;2.808655;2.929717;44.387329;42.586404;50.625000;78.750000;0.010259;0.000000;5.000000;0.000000;0.000000;0.923288;17.135469;16.000000
2.500000;2.793284;2.911951;62.422261;53.814942;50.625000;78.750000;0.009168;0.000000;5.000000;1.000000;0.000000;0.825083;17.463795;16.000000
2.500000;2.778868;2.894584;58.957455;56.488113;50.625000;78.750000;0.007838;0.000000;5.000000;0.000000;0.000000;0.705397;17.839448;16.000000
2.500000;2.765310;2.877684;52.944370;51.368698;50.625000;78.750000;0.006263;0.000000;5.000000;0.000000;0.000000;0.563662;18.235165;16.000000
2.500000;2.752531;2.861301;48.921873;47.862148;50.625000;78.750000;0.004626;0.000000;5.000000;0.000000;0.000000;0.416319;18.515082;16.000000
2.500000;2.740462;2.845464;46.269894;45.595047;50.625000;78.750000;0.003039;0.000000;5.000000;0.000000;0.000000;0.273540;18.646414;16.000000
2.500000;2.729044;2.830193;63.189605;56.511540;50.625000;78.750000;0.001571;0.000000;5.000000;1.000000;0.000000;0.141394;18.641203;16.000000
2.500000;2.718228;2.815496;59.462289;59.300978;50.625000;78.750000;0.000234;0.000000;5.000000;0.000000;0.000000;0.021056;18.544411;16.000000
2.500000;2.707969;2.801372;59.358967;59.358483;50.625000;78.750000;0.000000;0.000000;5.000000;0.000000;0.000000;0.000000;18.336451;16.000000
2.500000;2.698229;2.787818;59.358725;59.358724;50.625000;78.750000;0.000000;0.000000;5.000000;0.000000;0.000000;0.000000;18.026750;16.000000
2.500000;2.688974;2.774824;59.358725;59.358725;50.625000;78.750000;0.000000;0.000000;5.000000;0.000000;0.000000;0.000000;17.643311;16.000000
2.500000;2.680175;2.762377;59.358725;59.358725;50.625000;78.750000;0.000000;0.000000;5.000000;0.000000;0.000000;0.000000;17.208025;16.000000
2.500000;2.671804;2.750462;59.358725;59.358725;50.625000;78.750000;0.000000;0.000000;5.000000;0.000000;0.000000;0.000000;16.737885;16.000000
2.500000;2.663836;2.739065;59.358725;59.358725;50.625000;78.750000;0.000000;0.000000;5.000000;0.000000;0.000000;0.000000;16.246030;16.000000
2.500000;2.656249;2.728166;59.358725;59.358725;50.625000;78.750000;0.000000;0.000000;5.000000;0.000000;0.000000;0.000000;15.742572;16.000000
2.500000;2.649022;2.717750;59.358725;59.358725;50.625000;78.750000;0.000000;0.000000;5.000000;0.000000;0.000000;0.000000;15.235237;16.000000
2.600000;2.649162;2.708303;59.357885;59.348648;50.450000;78.500000;0.000105;0.000000;5.000000;0.000000;0.000000;0.009489;14.736928;16.000000
2.600000;2.648793;2.700138;58.666523;58.190568;50.450000;78.500000;0.001454;0.000000;5.000000;0.000000;0.000000;0.130895;14.273804;16.000000
2.600000;2.648043;2.693019;56.443489;55.498990;50.450000;78.500000;0.002866;0.000000;5.000000;0.000000;0.000000;0.257933;13.954228;16.000000
2.600000;2.647013;2.686756;53.010334;51.762452;50.450000;78.500000;0.004171;0.000000;5.000000;0.000000;0.000000;0.375354;13.840068;16.000000
2.600000;2.645783;2.681199;48.932274;47.564863;50.450000;78.500000;0.005278;0.000000;5.000000;0.000000;0.000000;0.474977;13.912191;16.000000
2.600000;2.644414;2.676227;44.702793;43.345186;50.450000;78.500000;0.006182;0.000000;5.000000;0.000000;0.000000;0.556385;14.098388;16.000000
2.600000;2.642952;2.671744;40.616648;39.332513;50.450000;78.500000;0.006937;0.000000;5.000000;0.000000;0.000000;0.624364;14.314942;16.000000
2.600000;2.641436;2.667673;36.794417;35.602406;50.450000;78.500000;0.007622;0.000000;5.000000;0.000000;0.000000;0.685946;14.494230;16.000000
2.650000;2.643406;2.664205;33.254836;32.151643;50.362500;78.375000;0.008311;0.000000;5.000000;0.000000;0.000000;0.748026;14.596778;16.000000
2.650000;2.644954;2.661454;29.972237;28.946150;50.362500;78.375000;0.009085;0.000000;5.000000;0.000000;0.000000;0.817677;14.597324;16.000000
2.650000;2.646169;2.659271;26.908222;25.946954;50.362500;78.375000;0.010009;0.000000;5.000000;0.000000;0.000000;0.900830;14.489604;16.000000
2.650000;2.654325;3.135796;43.700653;30.619682;50.362500;78.375000;0.011111;0.001036;5.000000;1.000000;0.093240;1.000000;14.278532;16.000000
2.650000;2.753368;6.170963;60.127219;49.866346;50.362500;78.375000;0.011111;0.002209;5.000000;1.000000;0.198844;1.000000;14.212330;16.000000
2.650000;3.084254;11.469830;64.793051;56.167034;50.362500;78.375000;0.011111;0.003011;5.000000;1.000000;0.270949;1.000000;14.581221;16.000000
2.650000;3.686611;17.018182;66.759989;59.112116;50.362500;78.375000;0.011111;0.003250;5.000000;1.000000;0.292483;1.000000;15.264111;16.000000
2.650000;4.493501;21.243195;60.747252;57.633803;50.362500;78.375000;0.011111;0.002866;5.000000;0.000000;0.257897;1.000000;16.105636;16.000000
2.650000;5.360430;22.773864;53.305569;51.412725;50.362500;78.375000;0.010608;0.001942;5.000000;0.000000;0.174746;0.954760;16.914880;16.000000
2.650000;6.137389;22.122969;48.562710;47.317875;50.362500;78.375000;0.009240;0.000656;5.000000;0.000000;0.059009;0.831614;17.526646;16.000000
2.650000;6.734901;20.137701;45.318911;44.404809;50.362500;78.375000;0.007838;0.000000;5.000000;0.000000;0.000000;0.705442;17.918523;16.000000
2.750000;7.153980;18.323640;60.932078;53.064057;50.187500;78.125000;0.006461;0.000000;5.000000;1.000000;0.000000;0.581521;18.138305;16.000000
2.650000;7.420116;16.805845;58.356044;57.050819;50.362500;78.375000;0.004991;0.000000;5.000000;0.000000;0.000000;0.449153;18.343915;16.000000
2.750000;7.581534;15.525978;55.193865;54.391599;50.187500;78.125000;0.003387;0.000000;5.000000;0.000000;0.000000;0.304809;18.559324;16.000000
2.750000;7.656439;14.438202;53.291770;52.852294;50.187500;78.125000;0.001780;0.000000;5.000000;0.000000;0.000000;0.160157;18.689175;16.000000
2.750000;7.665439;13.505666;52.444756;52.332028;50.187500;78.125000;0.000271;0.000000;5.000000;0.000000;0.000000;0.024429;18.694843;16.000000
2.750000;7.624699;12.699103;52.370373;52.370020;50.187500;78.125000;0.000000;0.000000;5.000000;0.000000;0.000000;0.000000;18.559367;16.000000
2.750000;7.546878;11.995248;52.370197;52.370196;50.187500;78.125000;0.000000;0.000000;5.000000;0.000000;0.000000;0.000000;18.304519;16.000000
2.800000;7.445385;11.375831;52.370197;52.370197;50.100000;78.000000;0.000000;0.000000;5.000000;0.000000;0.000000;0.000000;17.965652;16.000000
2.800000;7.324010;10.826249;52.370197;52.370197;50.100000;78.000000;0.000000;0.000000;5.000000;0.000000;0.000000;0.000000;17.563730;16.000000
2.800000;7.188829;10.334594;52.370197;52.370197;50.100000;78.000000;0.000000;0.000000;5.000000;0.000000;0.000000;0.000000;17.118189;16.000000
2.800000;7.044552;9.891336;52.370197;52.370197;50.100000;78.000000;0.000000;0.000000;5.000000;0.000000;0.000000;0.000000;16.644091;16.000000
2.900000;6.901844;9.489331;52.370197;52.370197;49.925000;77.750000;0.000000;0.000000;5.000000;0.000000;0.000000;0.000000;16.160088;16.000000
2.800000;6.748612;9.122248;52.370197;52.370197;50.100000;78.000000;0.000000;0.000000;5.000000;0.000000;0.000000;0.000000;15.660216;16.000000
2.900000;6.602018;8.785069;52.370197;52.370197;49.925000;77.750000;0.000000;0.000000;5.000000;0.000000;0.000000;0.000000;15.166306;16.000000
2.900000;6.455783;8.474141;52.370197;52.370197;49.925000;77.750000;0.000000;0.000000;5.000000;0.000000;0.000000;0.000000;14.675604;16.000000
2.900000;6.311233;8.185997;52.294746;52.156149;49.925000;77.750000;0.000663;0.000000;5.000000;0.000000;0.000000;0.059669;14.194165;16.000000
3.000000;6.176374;7.918309;51.152373;50.553629;49.750000;77.500000;0.002231;0.000000;5.000000;0.000000;0.000000;0.200798;13.791691;16.000000
3.000000;6.044062;7.669083;48.701676;47.737871;49.750000;77.500000;0.003795;0.000000;5.000000;0.000000;0.000000;0.341515;13.555658;16.000000
3.000000;5.914949;7.436175;45.380116;44.220060;49.750000;77.500000;0.005224;0.000000;5.000000;0.000000;0.000000;0.470153;13.510134;16.000000
3.000000;5.789493;7.217812;41.693415;40.484183;49.750000;77.500000;0.006474;0.000000;5.000000;0.000000;0.000000;0.582687;13.609362;16.000000
3.000000;5.668006;7.012520;38.004111;36.832079;49.750000;77.500000;0.007574;0.000000;5.000000;0.000000;0.000000;0.681619;13.775010;16.000000
3.000000;5.550683;6.819060;34.493411;33.393200;49.750000;77.500000;0.008589;0.000000;5.000000;0.000000;0.000000;0.773044;13.932303;16.000000
3.050000;5.441145;6.636637;55.544682;45.171174;49.662500;77.375000;0.009570;0.000000;5.000000;1.000000;0.000000;0.861256;14.054159;16.000000
3.050000;5.335501;6.464523;64.128171;56.295504;49.662500;77.375000;0.010202;0.000000;5.000000;1.000000;0.000000;0.918166;14.388731;16.000000
3.050000;5.233813;6.301841;60.771010;57.451270;49.662500;77.375000;0.010198;0.000000;5.000000;0.000000;0.000000;0.917817;15.044640;16.000000
3.050000;5.136088;6.147838;52.726138;50.548550;49.662500;77.375000;0.009660;0.000000;5.000000;0.000000;0.000000;0.869366;15.812953;16.000000
3.050000;5.042293;6.001861;46.881104;45.234228;49.662500;77.375000;0.008870;0.000000;5.000000;0.000000;0.000000;0.798306;16.449881;16.000000
3.050000;4.952367;5.863344;49.579875;42.444337;49.662500;77.375000;0.008016;0.000000;5.000000;1.000000;0.000000;0.721412;16.878026;16.000000
3.050000;4.866224;5.731786;63.973409;57.071941;49.662500;77.375000;0.007104;0.000000;5.000000;0.000000;0.000000;0.639359;17.183976;16.000000
3.000000;4.780252;5.606489;55.772724;54.155705;49.750000;77.500000;0.005938;0.000000;5.000000;0.000000;0.000000;0.534408;17.551296;16.000000
3.050000;4.701782;5.487143;51.603891;50.488033;49.662500;77.375000;0.004601;0.000000;5.000000;0.000000;0.000000;0.414071;17.890589;16.000000
3.000000;4.623181;5.373413;48.756143;48.011279;49.750000;77.500000;0.003232;0.000000;5.000000;0.000000;0.000000;0.290879;18.115753;16.000000
3.000000;4.548269;5.264783;46.932367;46.486176;49.750000;77.500000;0.001917;0.000000;5.000000;0.000000;0.000000;0.172485;18.212356;16.000000
3.000000;4.476862;5.161044;45.956214;45.763876;49.750000;77.500000;0.000723;0.000000;5.000000;0.000000;0.000000;0.065051;18.182833;16.000000
3.000000;4.408786;5.061995;60.471413;53.891185;49.750000;77.500000;0.000000;0.000000;5.000000;1.000000;0.000000;0.000000;18.032776;16.000000
3.000000;4.343877;4.967436;57.888328;57.871318;49.750000;77.500000;0.000000;0.000000;5.000000;0.000000;0.000000;0.000000;17.775885;16.000000
3.000000;4.281981;4.877173;57.879841;57.879805;49.750000;77.500000;0.000000;0.000000;5.000000;0.000000;0.000000;0.000000;17.439493;16.000000
3.000000;4.222955;4.791021;57.879823;57.879823;49.750000;77.500000;0.000000;0.000000;5.000000;0.000000;0.000000;0.000000;17.046457;16.000000
3.050000;4.170174;4.709051;57.879823;57.879823;49.662500;77.375000;0.000000;0.000000;5.000000;0.000000;0.000000;0.000000;16.618057;16.000000
3.000000;4.116067;4.631003;57.879823;57.879823;49.750000;77.500000;0.000000;0.000000;5.000000;0.000000;0.000000;0.000000;16.160613;16.000000
3.050000;4.068024;4.556685;57.879823;57.879823;49.662500;77.375000;0.000000;0.000000;5.000000;0.000000;0.000000;0.000000;15.692251;16.000000
3.050000;4.021987;4.486128;57.879823;57.879823;49.662500;77.375000;0.000000;0.000000;5.000000;0.000000;0.000000;0.000000;15.217163;16.000000
3.050000;3.977905;4.419085;57.574411;57.296527;49.662500;77.375000;0.000934;0.000000;5.000000;0.000000;0.000000;0.084083;14.752881;16.000000
3.000000;3.932210;4.355086;56.074105;55.386151;49.750000;77.500000;0.002155;0.000000;5.000000;0.000000;0.000000;0.193957;14.377330;16.000000
3.000000;3.888771;4.293768;53.423427;52.415786;49.750000;77.500000;0.003356;0.000000;5.000000;0.000000;0.000000;0.302030;14.167871;16.000000
3.000000;3.847451;4.235062;50.005199;48.822200;49.750000;77.500000;0.004425;0.000000;5.000000;0.000000;0.000000;0.398220;14.136627;16.000000
3.000000;3.808128;4.178893;46.253687;45.023321;49.750000;77.500000;0.005319;0.000000;5.000000;0.000000;0.000000;0.478730;14.241315;16.000000
3.000000;3.770688;4.125178;42.492376;41.294609;49.750000;77.500000;0.006058;0.000000;5.000000;0.000000;0.000000;0.545197;14.414145;16.000000
3.000000;3.735030;4.073830;38.896213;37.766785;49.750000;77.500000;0.006694;0.000000;5.000000;0.000000;0.000000;0.602458;14.589561;16.000000
3.000000;3.701059;4.024763;35.528228;34.475048;49.750000;77.500000;0.007295;0.000000;5.000000;0.000000;0.000000;0.656562;14.718786;16.000000
3.000000;3.668688;3.977889;32.389148;31.406722;49.750000;77.500000;0.007929;0.000000;5.000000;0.000000;0.000000;0.713581;14.772323;16.000000
3.000000;3.637834;3.933119;29.453490;28.531878;49.750000;77.500000;0.008657;0.000000;5.000000;0.000000;0.000000;0.779087;14.736289;16.000000
3.000000;3.608422;3.890368;54.918807;44.123694;49.750000;77.500000;0.009491;0.000000;5.000000;1.000000;0.000000;0.854169;14.642693;16.000000
3.000000;3.580381;3.849552;63.812382;55.743821;49.750000;77.500000;0.010023;0.000000;5.000000;1.000000;0.000000;0.902031;14.816015;16.000000
3.000000;3.553644;3.810587;66.717297;59.742037;49.750000;77.500000;0.009944;0.000000;5.000000;1.000000;0.000000;0.894919;15.356505;16.000000
2.900000;3.521122;3.772888;56.538990;54.073680;49.925000;77.750000;0.009292;0.000000;5.000000;0.000000;0.000000;0.836289;16.084925;16.000000
3.000000;3.497640;3.736553;50.038673;48.240317;49.750000;77.500000;0.008306;0.000000;5.000000;0.000000;0.000000;0.747553;16.755584;16.000000
2.900000;3.468112;3.701551;45.213337;43.857696;49.925000;77.750000;0.007221;0.000000;5.000000;0.000000;0.000000;0.649861;17.228035;16.000000
2.900000;3.440373;3.667431;56.811811;47.867109;49.925000;77.750000;0.006152;0.000000;5.000000;1.000000;0.000000;0.553672;17.500416;16.000000
2.800000;3.407225;3.633799;60.726756;58.458864;50.100000;78.000000;0.005036;0.000000;5.000000;0.000000;0.000000;0.453244;17.705465;16.000000
2.800000;3.376380;3.600400;56.186248;55.069037;50.100000;78.000000;0.003755;0.000000;5.000000;0.000000;0.000000;0.337912;17.945474;16.000000
2.800000;3.347569;3.567498;53.415792;52.721708;50.100000;78.000000;0.002415;0.000000;5.000000;0.000000;0.000000;0.217390;18.128482;16.000000
2.800000;3.320569;3.535290;51.828408;51.484835;50.100000;78.000000;0.001122;0.000000;5.000000;0.000000;0.000000;0.100964;18.204554;16.000000
2.750000;3.311315;4.534276;50.994664;50.758940;50.187500;78.125000;0.000000;0.000912;5.000000;0.000000;0.082085;0.000000;18.150285;16.000000
2.750000;3.412396;7.233243;50.032842;49.632744;50.187500;78.125000;0.000000;0.001717;5.000000;0.000000;0.154499;0.000000;17.966661;16.000000
2.650000;3.669166;10.593848;48.605103;48.097314;50.362500;78.375000;0.000000;0.002250;5.000000;0.000000;0.202475;0.000000;17.674182;16.000000
2.750000;4.084496;13.663037;47.002570;46.486745;50.187500;78.125000;0.000000;0.002418;5.000000;0.000000;0.217629;0.000000;17.315603;16.000000
2.650000;4.589639;15.875366;45.493762;45.041304;50.362500;78.375000;0.000000;0.002228;5.000000;0.000000;0.200528;0.000000;16.897606;16.000000
2.650000;5.125288;17.034697;44.256663;43.913588;50.362500;78.375000;0.000000;0.001712;5.000000;0.000000;0.154078;0.000000;16.444943;16.000000
2.650000;5.634035;17.498192;62.236660;58.840376;50.362500;78.375000;0.000000;0.000934;5.000000;0.000000;0.084054;0.000000;15.970538;16.000000
2.650000;6.079841;16.807178;60.100329;60.051693;50.362500;78.375000;0.000000;0.000000;5.000000;0.000000;0.000000;0.000000;15.484339;16.000000
2.600000;6.394861;15.353769;60.076062;60.075960;50.450000;78.500000;0.000000;0.000000;5.000000;0.000000;0.000000;0.000000;14.990443;16.000000
2.600000;6.595511;14.135460;59.659863;59.326477;50.450000;78.500000;0.001168;0.000000;5.000000;0.000000;0.000000;0.105145;14.517282;16.000000
2.600000;6.708056;13.106055;57.976323;57.229798;50.450000;78.500000;0.002490;0.000000;5.000000;0.000000;0.000000;0.224119;14.164179;16.000000
2.600000;6.753133;12.228925;55.174319;54.130731;50.450000;78.500000;0.003740;0.000000;5.000000;0.000000;0.000000;0.336583;14.005660;16.000000
2.500000;6.739917;11.474492;51.695837;50.510113;50.625000;78.750000;0.004814;0.000000;5.000000;0.000000;0.000000;0.433267;14.035718;16.000000
2.500000;6.688970;10.819334;47.984174;46.780956;50.625000;78.750000;0.005673;0.000000;5.000000;0.000000;0.000000;0.510585;14.206265;16.000000
2.500000;6.610089;10.245304;44.339846;43.188929;50.625000;78.750000;0.006346;0.000000;5.000000;0.000000;0.000000;0.571141;14.440156;16.000000
2.500000;6.510925;9.737947;40.905918;39.833424;50.625000;78.750000;0.006894;0.000000;5.000000;0.000000;0.000000;0.620436;14.668628;16.000000
2.400000;6.390411;9.285219;37.719345;36.725906;50.800000;79.000000;0.007396;0.000000;5.000000;0.000000;0.000000;0.665680;14.836963;16.000000
2.400000;6.261038;8.877567;38.804253;34.133188;50.800000;79.000000;0.007914;0.000000;5.000000;1.000000;0.000000;0.712285;14.926480;16.000000
2.350000;6.122726;8.507562;62.378992;53.738232;50.887500;79.125000;0.008400;0.000000;5.000000;1.000000;0.000000;0.756021;15.011510;16.000000
2.350000;5.982048;8.169269;66.837904;61.263104;50.887500;79.125000;0.008465;0.000000;5.000000;0.000000;0.000000;0.761883;15.370392;16.000000
2.350000;5.840947;7.858137;57.877470;55.746501;50.887500;79.125000;0.007998;0.000000;5.000000;0.000000;0.000000;0.719808;15.962513;16.000000
2.350000;5.700890;7.570477;52.179047;50.582706;50.887500;79.125000;0.007198;0.000000;5.000000;0.000000;0.000000;0.647813;16.550338;16.000000
2.350000;5.562976;7.303282;47.863994;46.643900;50.887500;79.125000;0.006255;0.000000;5.000000;0.000000;0.000000;0.562938;17.003894;16.000000
2.350000;5.428008;7.054088;44.546089;43.602787;50.887500;79.125000;0.005289;0.000000;5.000000;0.000000;0.000000;0.476008;17.292366;16.000000
2.350000;5.296564;6.820866;62.530741;54.878675;50.887500;79.125000;0.004364;0.000000;5.000000;1.000000;0.000000;0.392758;17.438340;16.000000
2.350000;5.169048;6.601932;60.054408;58.912267;50.887500;79.125000;0.003372;0.000000;5.000000;0.000000;0.000000;0.303502;17.578321;16.000000
2.350000;5.045722;6.395879;57.267049;56.554079;50.887500;79.125000;0.002304;0.000000;5.000000;0.000000;0.000000;0.207318;17.714991;16.000000
2.250000;4.919721;6.201017;55.561466;55.160277;51.062500;79.375000;0.001265;0.000000;5.000000;0.000000;0.000000;0.113853;17.773708;16.000000
2.250000;4.798980;6.016009;54.743589;54.607798;51.062500;79.375000;0.000337;0.000000;5.000000;0.000000;0.000000;0.030372;17.728294;16.000000
2.250000;4.683370;5.840214;54.614556;54.613527;51.062500;79.375000;0.000000;0.000000;5.000000;0.000000;0.000000;0.000000;17.562666;16.000000
2.250000;4.572744;5.673060;54.614042;54.614040;51.062500;79.375000;0.000000;0.000000;5.000000;0.000000;0.000000;0.000000;17.290306;16.000000
2.150000;4.459917;5.513526;54.614041;54.614041;51.237500;79.625000;0.000000;0.000000;5.000000;0.000000;0.000000;0.000000;16.932678;16.000000
2.250000;4.359605;5.361320;54.614041;54.614041;51.062500;79.375000;0.000000;0.000000;5.000000;0.000000;0.000000;0.000000;16.527350;16.000000
2.150000;4.256609;5.216062;54.614041;54.614041;51.237500;79.625000;0.000000;0.000000;5.000000;0.000000;0.000000;0.000000;16.076918;16.000000
2.150000;4.158645;5.076981;54.614041;54.614041;51.237500;79.625000;0.000000;0.000000;5.000000;0.000000;0.000000;0.000000;15.602919;16.000000
2.150000;4.065420;4.943900;54.396967;54.193789;51.237500;79.625000;0.000761;0.000000;5.000000;0.000000;0.000000;0.068482;15.123313;16.000000
2.150000;3.976665;4.816625;53.258067;52.721964;51.237500;79.625000;0.001838;0.000000;5.000000;0.000000;0.000000;0.165389;14.701913;16.000000
2.100000;3.888624;4.694702;51.124142;50.289801;51.325000;79.750000;0.002984;0.000000;5.000000;0.000000;0.000000;0.268542;14.400718;16.000000
2.100000;3.805002;4.577759;48.209085;47.172962;51.325000;79.750000;0.004090;0.000000;5.000000;0.000000;0.000000;0.368131;14.248536;16.000000
2.100000;3.725516;4.465700;44.839677;43.708752;51.325000;79.750000;0.005101;0.000000;5.000000;0.000000;0.000000;0.459105;14.224838;16.000000
2.100000;3.649917;4.358402;41.311548;40.166728;51.325000;79.750000;0.006014;0.000000;5.000000;0.000000;0.000000;0.541233;14.279502;16.000000
2.100000;3.577975;4.255730;37.819771;36.706949;51.325000;79.750000;0.006864;0.000000;5.000000;0.000000;0.000000;0.617801;14.354947;16.000000
2.100000;3.509485;4.157535;34.461201;33.399182;51.325000;79.750000;0.007711;0.000000;5.000000;0.000000;0.000000;0.693962;14.402094;16.000000
2.100000;3.444258;4.063663;61.334973;51.943073;51.325000;79.750000;0.008531;0.000000;5.000000;1.000000;0.000000;0.767804;14.455395;16.000000
2.100000;3.382119;3.973955;67.689831;60.357258;51.325000;79.750000;0.008938;0.000000;5.000000;1.000000;0.000000;0.804377;14.792087;16.000000
2.100000;3.344861;5.045966;59.635343;56.854554;51.325000;79.750000;0.008752;0.000899;5.000000;0.000000;0.080893;0.787658;15.415196;16.000000
2.100000;3.427486;7.792726;52.138635;50.025498;51.325000;79.750000;0.008156;0.001711;5.000000;0.000000;0.153961;0.734044;16.075029;16.000000
2.100000;3.668537;10.868169;46.459787;44.872001;51.325000;79.750000;0.007397;0.002256;5.000000;0.000000;0.203084;0.665775;16.584902;16.000000
2.000000;4.034755;13.673422;59.504936;50.143847;51.500000;80.000000;0.006632;0.002493;5.000000;1.000000;0.224351;0.596917;16.896197;16.000000
2.000000;4.535204;17.238402;62.328535;59.402821;51.500000;80.000000;0.005759;0.002341;5.000000;0.000000;0.210674;0.518341;17.168794;16.000000
2.000000;5.142371;19.404024;56.440854;55.018576;51.500000;80.000000;0.004666;0.001758;5.000000;0.000000;0.158213;0.419898;17.488426;16.000000
2.000000;5.737064;19.629977;52.954409;52.085706;51.500000;80.000000;0.003474;0.000850;5.000000;0.000000;0.076481;0.312642;17.747933;16.000000
2.000000;6.221548;18.260789;50.947207;50.487884;51.500000;80.000000;0.002290;0.000000;5.000000;0.000000;0.000000;0.206083;17.897308;16.000000
2.000000;6.552882;16.628035;49.854845;49.598014;51.500000;80.000000;0.001191;0.000000;5.000000;0.000000;0.000000;0.107203;17.925396;16.000000
2.000000;6.758495;15.256486;49.342894;49.265338;51.500000;80.000000;0.000246;0.000000;5.000000;0.000000;0.000000;0.022162;17.831563;16.000000
1.950000;6.863890;14.094737;49.280971;49.280607;51.587500;80.125000;0.000000;0.000000;5.000000;0.000000;0.000000;0.000000;17.614884;16.000000
1.950000;6.895789;13.102056;49.280789;49.280788;51.587500;80.125000;0.000000;0.000000;5.000000;0.000000;0.000000;0.000000;17.300324;16.000000
1.950000;6.872008;12.246347;60.177462;55.697772;51.587500;80.125000;0.000000;0.000000;5.000000;0.000000;0.000000;0.000000;16.914931;16.000000
1.850000;6.799482;11.501601;57.942288;57.932946;51.762500;80.375000;0.000000;0.000000;5.000000;0.000000;0.000000;0.000000;16.472871;16.000000
1.850000;6.696990;10.847196;57.937627;57.937607;51.762500;80.375000;0.000000;0.000000;5.000000;0.000000;0.000000;0.000000;15.998450;16.000000
1.850000;6.572912;10.267180;57.937363;57.933853;51.762500;80.375000;0.000056;0.000000;5.000000;0.000000;0.000000;0.005047;15.504240;16.000000
1.850000;6.433772;9.748816;57.536899;57.249347;51.762500;80.375000;0.001010;0.000000;5.000000;0.000000;0.000000;0.090863;15.017429;16.000000
1.750000;6.277603;9.281408;56.113769;55.481835;51.937500;80.625000;0.002128;0.000000;5.000000;0.000000;0.000000;0.191491;14.609603;16.000000
1.750000;6.116172;8.856448;53.700369;52.784727;51.937500;80.625000;0.003265;0.000000;5.000000;0.000000;0.000000;0.293879;14.352171;16.000000
1.750000;5.952338;8.467577;50.579746;49.493139;51.937500;80.625000;0.004317;0.000000;5.000000;0.000000;0.000000;0.388522;14.259262;16.000000
1.750000;5.788278;8.109655;47.105749;45.956821;51.937500;80.625000;0.005235;0.000000;5.000000;0.000000;0.000000;0.471161;14.297893;16.000000
1.700000;5.622120;7.778258;43.562413;42.424144;52.025000;80.750000;0.006032;0.000000;5.000000;0.000000;0.000000;0.542901;14.406208;16.000000
1.700000;5.459017;7.469818;40.117020;39.026334;52.025000;80.750000;0.006748;0.000000;5.000000;0.000000;0.000000;0.607296;14.528126;16.000000
1.700000;5.299793;7.181656;57.598468;47.252007;52.025000;80.750000;0.007432;0.000000;5.000000;1.000000;0.000000;0.668835;14.624048;16.000000
1.700000;5.145032;6.911558;67.755160;60.391896;52.025000;80.750000;0.007881;0.000000;5.000000;1.000000;0.000000;0.709270;14.860102;16.000000
1.700000;4.995127;6.657680;60.667206;58.314578;52.025000;80.750000;0.007818;0.000000;5.000000;0.000000;0.000000;0.703638;15.368167;16.000000
1.700000;4.850332;6.418478;54.350427;52.562087;52.025000;80.750000;0.007347;0.000000;5.000000;0.000000;0.000000;0.661255;15.958908;16.000000
1.700000;4.710786;6.192644;49.465270;48.067545;52.025000;80.750000;0.006672;0.000000;5.000000;0.000000;0.000000;0.600488;16.456930;16.000000
1.700000;4.576543;5.979066;45.616526;44.505916;52.025000;80.750000;0.005933;0.000000;5.000000;0.000000;0.000000;0.533943;16.801170;16.000000
1.700000;4.447595;5.776786;63.905340;55.922595;52.025000;80.750000;0.005203;0.000000;5.000000;1.000000;0.000000;0.468236;17.003514;16.000000
1.700000;4.323881;5.584973;61.015737;59.547964;52.025000;80.750000;0.004346;0.000000;5.000000;0.000000;0.000000;0.391099;17.221433;16.000000
1.600000;4.198281;5.402395;57.304555;56.308542;52.200000;81.000000;0.003351;0.000000;5.000000;0.000000;0.000000;0.301549;17.448118;16.000000
1.600000;4.078534;5.228080;54.756179;54.089837;52.200000;81.000000;0.002319;0.000000;5.000000;0.000000;0.000000;0.208693;17.608733;16.000000
1.600000;3.964354;5.061674;53.133846;52.740856;52.200000;81.000000;0.001340;0.000000;5.000000;0.000000;0.000000;0.120559;17.666628;16.000000
1.600000;3.855472;4.902836;52.284788;52.120522;52.200000;81.000000;0.000489;0.000000;5.000000;0.000000;0.000000;0.043971;17.608774;16.000000
1.600000;3.751635;4.751236;52.066130;52.061388;52.200000;81.000000;0.000000;0.000000;5.000000;0.000000;0.000000;0.000000;17.431751;16.000000
1.550000;3.649089;4.606300;52.063764;52.063754;52.287500;81.125000;0.000000;0.000000;5.000000;0.000000;0.000000;0.000000;17.143457;16.000000
1.550000;3.551536;4.467558;52.063759;52.063759;52.287500;81.125000;0.000000;0.000000;5.000000;0.000000;0.000000;0.000000;16.775502;16.000000
1.550000;3.458689;4.334822;52.063759;52.063759;52.287500;81.125000;0.000000;0.000000;5.000000;0.000000;0.000000;0.000000;16.351087;16.000000
1.550000;3.370285;4.207895;52.063759;52.063759;52.287500;81.125000;0.000000;0.000000;5.000000;0.000000;0.000000;0.000000;15.888237;16.000000
1.550000;3.286083;4.086572;51.890883;51.730867;52.287500;81.125000;0.000643;0.000000;5.000000;0.000000;0.000000;0.057838;15.406614;16.000000
1.550000;3.205860;3.970644;50.977163;50.539507;52.287500;81.125000;0.001597;0.000000;5.000000;0.000000;0.000000;0.143727;14.959040;16.000000
1.550000;3.143379;4.701304;48.970020;48.064647;52.287500;81.125000;0.002675;0.000905;5.000000;0.000000;0.081478;0.240713;14.603264;16.000000
1.550000;3.185812;7.227069;45.563657;44.310444;52.287500;81.125000;0.003785;0.001885;5.000000;0.000000;0.169611;0.340616;14.366656;16.000000
1.450000;3.383167;10.658448;60.614680;50.935269;52.462500;81.375000;0.004883;0.002626;5.000000;1.000000;0.236371;0.439440;14.233083;16.000000
1.450000;3.797872;15.734734;64.839218;60.632362;52.462500;81.375000;0.005787;0.002960;5.000000;0.000000;0.266413;0.520846;14.297774;16.000000
1.450000;4.427794;19.680649;56.628560;54.539911;52.462500;81.375000;0.006305;0.002760;5.000000;0.000000;0.248402;0.567466;14.611490;16.000000
1.450000;5.132084;21.337626;51.137518;49.634515;52.462500;81.375000;0.006520;0.002100;5.000000;0.000000;0.188991;0.586796;15.012637;16.000000
1.450000;5.786953;21.215429;47.158556;46.055798;52.462500;81.375000;0.006555;0.001113;5.000000;0.000000;0.100131;0.589939;15.380142;16.000000
1.450000;6.313462;19.806831;65.734599;58.140987;52.462500;81.375000;0.006473;0.000000;5.000000;1.000000;0.000000;0.582593;15.686740;16.000000
1.350000;6.668513;17.975694;59.588290;58.059803;52.637500;81.625000;0.006116;0.000000;5.000000;0.000000;0.000000;0.550410;16.073109;16.000000
1.350000;6.884594;16.435370;55.421662;54.225071;52.637500;81.625000;0.005488;0.000000;5.000000;0.000000;0.000000;0.493963;16.494431;16.000000
1.350000;6.993884;15.129036;52.127216;51.179817;52.637500;81.625000;0.004719;0.000000;5.000000;0.000000;0.000000;0.424692;16.847630;16.000000
1.350000;7.021662;14.011624;49.524670;48.778760;52.637500;81.625000;0.003904;0.000000;5.000000;0.000000;0.000000;0.351342;17.091509;16.000000
1.350000;6.987758;13.047347;47.485190;46.904006;52.637500;81.625000;0.003117;0.000000;5.000000;0.000000;0.000000;0.280507;17.217767;16.000000
1.350000;6.907710;12.207768;65.385836;58.297208;52.637500;81.625000;0.002407;0.000000;5.000000;1.000000;0.000000;0.216634;17.238984;16.000000
1.350000;6.793672;11.470253;61.368634;60.778613;52.637500;81.625000;0.001737;0.000000;5.000000;0.000000;0.000000;0.156358;17.225058;16.000000
1.300000;6.651614;10.816511;59.911960;59.538464;52.725000;81.750000;0.001130;0.000000;5.000000;0.000000;0.000000;0.101689;17.170567;16.000000
1.300000;6.492849;10.231974;59.009082;58.789678;52.725000;81.750000;0.000645;0.000000;5.000000;0.000000;0.000000;0.058006;17.049309;16.000000
1.300000;6.323032;9.705228;58.504383;58.387152;52.725000;81.750000;0.000336;0.000000;5.000000;0.000000;0.000000;0.030235;16.849112;16.000000
1.200000;6.139503;9.226609;58.216222;58.134556;52.900000;82.000000;0.000255;0.000000;5.000000;0.000000;0.000000;0.022927;16.565652;16.000000
1.200000;5.953478;8.788414;57.921982;57.799946;52.900000;82.000000;0.000413;0.000000;5.000000;0.000000;0.000000;0.037142;16.224195;16.000000
1.200000;5.767370;8.384913;57.385048;57.147620;52.900000;82.000000;0.000799;0.000000;5.000000;0.000000;0.000000;0.071937;15.855910;16.000000
1.200000;5.582999;8.011450;56.398286;55.989621;52.900000;82.000000;0.001373;0.000000;5.000000;0.000000;0.000000;0.123581;15.501558;16.000000
1.150000;5.398206;7.663977;54.840438;54.239642;52.987500;82.125000;0.002074;0.000000;5.000000;0.000000;0.000000;0.186693;15.198440;16.000000
1.200000;5.221424;7.339466;52.712122;51.940114;52.900000;82.000000;0.002823;0.000000;5.000000;0.000000;0.000000;0.254109;14.982752;16.000000
1.150000;5.045845;7.035369;50.123064;49.226289;52.987500;82.125000;0.003570;0.000000;5.000000;0.000000;0.000000;0.321343;14.854684;16.000000
1.150000;4.875899;6.749363;47.232744;46.265252;52.987500;82.125000;0.004279;0.000000;5.000000;0.000000;0.000000;0.385147;14.804541;16.000000
1.150000;4.711839;6.479751;44.197972;43.205319;52.987500;82.125000;0.004946;0.000000;5.000000;0.000000;0.000000;0.445131;14.803939;16.000000
1.150000;4.553800;6.225096;41.136467;40.149038;52.987500;82.125000;0.005589;0.000000;5.000000;0.000000;0.000000;0.503013;14.819286;16.000000
1.150000;4.401826;5.984173;38.119159;37.153073;52.987500;82.125000;0.006243;0.000000;5.000000;0.000000;0.000000;0.561901;14.819518;16.000000
1.150000;4.255890;5.755925;58.880530;48.341208;52.987500;82.125000;0.006937;0.000000;5.000000;1.000000;0.000000;0.624320;14.792524;16.000000
1.150000;4.115913;5.539433;69.068194;61.687074;52.987500;82.125000;0.007421;0.000000;5.000000;1.000000;0.000000;0.667905;14.936913;16.000000
1.050000;3.974755;5.333384;63.325236;60.859983;53.162500;82.375000;0.007414;0.000000;5.000000;0.000000;0.000000;0.667275;15.375555;16.000000
1.150000;3.847155;5.137241;56.747137;54.885725;52.987500;82.125000;0.006971;0.000000;5.000000;0.000000;0.000000;0.627407;15.944310;16.000000
1.150000;3.724946;4.950918;51.666322;50.215108;52.987500;82.125000;0.006302;0.000000;5.000000;0.000000;0.000000;0.567146;16.444662;16.000000
1.150000;3.607978;4.773794;47.682177;46.536960;52.987500;82.125000;0.005551;0.000000;5.000000;0.000000;0.000000;0.499588;16.802118;16.000000
1.050000;3.489065;4.604808;56.829507;47.821166;53.162500;82.375000;0.004827;0.000000;5.000000;1.000000;0.000000;0.434449;16.997500;16.000000
1.050000;3.375895;4.443127;65.486567;62.664178;53.162500;82.375000;0.004096;0.000000;5.000000;0.000000;0.000000;0.368618;17.126333;16.000000
1.050000;3.268146;4.288511;60.890555;59.810801;53.162500;82.375000;0.003232;0.000000;5.000000;0.000000;0.000000;0.290877;17.298153;16.000000
1.050000;3.165523;4.140713;58.105533;57.367930;53.162500;82.375000;0.002310;0.000000;5.000000;0.000000;0.000000;0.207879;17.440777;16.000000
1.050000;3.067754;3.999481;56.276631;55.820441;53.162500;82.375000;0.001422;0.000000;5.000000;0.000000;0.000000;0.127988;17.500352;16.000000
1.050000;2.986676;4.689980;55.050289;54.630671;53.162500;82.375000;0.000648;0.000879;5.000000;0.000000;0.079092;0.058343;17.453668;16.000000
1.050000;3.025928;7.764311;53.580441;53.051562;53.162500;82.375000;0.000060;0.001951;5.000000;0.000000;0.175596;0.005395;17.291949;16.000000
1.050000;3.271452;11.939326;51.754541;51.100149;53.162500;82.375000;0.000000;0.002717;5.000000;0.000000;0.244510;0.000000;17.018932;16.000000
0.950000;3.711192;15.860974;49.660537;48.977996;53.337500;82.625000;0.000000;0.003074;5.000000;0.000000;0.276697;0.000000;16.651839;16.000000
0.950000;4.287850;18.741945;47.640841;47.026750;53.337500;82.625000;0.000000;0.002994;5.000000;0.000000;0.269446;0.000000;16.223468;16.000000
0.950000;4.917008;20.348505;45.873415;45.326080;53.337500;82.625000;0.000413;0.002516;5.000000;0.000000;0.226455;0.037174;15.754966;16.000000
0.950000;5.522319;20.882716;61.464045;52.800635;53.337500;82.625000;0.001206;0.001719;5.000000;1.000000;0.154722;0.108554;15.282635;16.000000
0.950000;6.074773;21.039978;64.449414;63.242125;53.337500;82.625000;0.002161;0.000659;5.000000;0.000000;0.059294;0.194481;14.886755;16.000000
0.950000;6.512542;19.363552;61.546609;60.632612;53.337500;82.625000;0.003101;0.000000;5.000000;0.000000;0.000000;0.279110;14.661175;16.000000
0.950000;6.792000;17.615359;58.486976;57.433408;53.337500;82.625000;0.003915;0.000000;5.000000;0.000000;0.000000;0.352371;14.616152;16.000000
0.950000;6.946067;16.137142;55.142807;54.043438;53.337500;82.625000;0.004554;0.000000;5.000000;0.000000;0.000000;0.409829;14.713796;16.000000
0.950000;7.004174;14.876617;51.769411;50.690993;53.337500;82.625000;0.005020;0.000000;5.000000;0.000000;0.000000;0.451777;14.894396;16.000000
0.950000;6.989423;13.792289;48.520406;47.496832;53.337500;82.625000;0.005350;0.000000;5.000000;0.000000;0.000000;0.481520;15.098615;16.000000
0.950000;6.919923;12.851193;45.461551;44.503368;53.337500;82.625000;0.005597;0.000000;5.000000;0.000000;0.000000;0.503717;15.280257;16.000000
0.950000;6.809845;12.027108;50.460086;43.097915;53.337500;82.625000;0.005814;0.000000;5.000000;1.000000;0.000000;0.523279;15.409618;16.000000
0.950000;6.670261;11.299145;68.379570;61.088550;53.337500;82.625000;0.005961;0.000000;5.000000;1.000000;0.000000;0.536462;15.544417;16.000000
0.950000;6.509796;10.650640;62.266971;60.492282;53.337500;82.625000;0.005786;0.000000;5.000000;0.000000;0.000000;0.520743;15.858087;16.000000
0.950000;6.335150;10.068269;57.421593;56.029000;53.337500;82.625000;0.005312;0.000000;5.000000;0.000000;0.000000;0.478044;16.256635;16.000000
0.900000;6.147996;9.541100;53.587731;52.485105;53.425000;82.750000;0.004675;0.000000;5.000000;0.000000;0.000000;0.420737;16.609818;16.000000
0.900000;5.956256;9.060388;50.555110;49.683854;53.425000;82.750000;0.003976;0.000000;5.000000;0.000000;0.000000;0.357869;16.865182;16.000000
0.900000;5.762916;8.619324;48.160809;47.473360;53.425000;82.750000;0.003294;0.000000;5.000000;0.000000;0.000000;0.296477;17.006471;16.000000
0.900000;5.570239;8.212395;54.820430;47.631698;53.425000;82.750000;0.002688;0.000000;5.000000;1.000000;0.000000;0.241894;17.037070;16.000000
0.900000;5.379924;7.835117;64.577595;63.013749;53.425000;82.750000;0.002161;0.000000;5.000000;0.000000;0.000000;0.194525;17.000836;16.000000
0.900000;5.193229;7.483827;62.093667;61.510051;53.425000;82.750000;0.001659;0.000000;5.000000;0.000000;0.000000;0.149283;16.961976;16.000000
0.900000;5.011067;7.155512;60.555329;60.133850;53.425000;82.750000;0.001221;0.000000;5.000000;0.000000;0.000000;0.109854;16.891073;16.000000
0.900000;4.834079;6.847681;59.444401;59.137943;53.425000;82.750000;0.000897;0.000000;5.000000;0.000000;0.000000;0.080758;16.765422;16.000000
0.900000;4.662702;6.558258;58.610491;58.367417;53.425000;82.750000;0.000728;0.000000;5.000000;0.000000;0.000000;0.065548;16.578975;16.000000
0.900000;4.497209;6.285503;57.884630;57.647445;53.425000;82.750000;0.000738;0.000000;5.000000;0.000000;0.000000;0.066445;16.338668;16.000000
0.800000;4.330723;6.027435;57.082420;56.789951;53.600000;83.000000;0.000942;0.000000;5.000000;0.000000;0.000000;0.084824;16.055414;16.000000
0.800000;4.171157;5.782468;56.026490;55.627621;53.600000;83.000000;0.001317;0.000000;5.000000;0.000000;0.000000;0.118562;15.763543;16.000000
0.800000;4.018347;5.549739;54.588395;54.052384;53.600000;83.000000;0.001827;0.000000;5.000000;0.000000;0.000000;0.164423;15.492387;16.000000
0.800000;3.872105;5.328480;52.713428;52.035958;53.600000;83.000000;0.002425;0.000000;5.000000;0.000000;0.000000;0.218215;15.266909;16.000000
0.800000;3.732226;5.118003;50.427096;49.627847;53.600000;83.000000;0.003065;0.000000;5.000000;0.000000;0.000000;0.275880;15.100859;16.000000
0.800000;3.598491;4.917682;47.814902;46.927586;53.600000;83.000000;0.003717;0.000000;5.000000;0.000000;0.000000;0.334487;14.993423;16.000000
0.800000;3.470680;4.726950;44.987114;44.047677;53.600000;83.000000;0.004364;0.000000;5.000000;0.000000;0.000000;0.392804;14.930658;16.000000
0.800000;3.348567;4.545287;42.046658;41.084886;53.600000;83.000000;0.005015;0.000000;5.000000;0.000000;0.000000;0.451348;14.890381;16.000000
0.800000;3.231927;4.372213;39.071177;38.107443;53.600000;83.000000;0.005690;0.000000;5.000000;0.000000;0.000000;0.512082;14.847885;16.000000
0.800000;3.120538;4.207282;65.336012;56.558158;53.600000;83.000000;0.006360;0.000000;5.000000;1.000000;0.000000;0.572422;14.830268;16.000000
0.700000;3.007285;4.092287;68.098190;64.406433;53.775000;83.250000;0.006720;0.000183;5.000000;0.000000;0.016507;0.604841;15.048902;16.000000
0.700000;2.949960;6.071686;60.002951;57.694305;53.775000;83.250000;0.006623;0.001376;5.000000;0.000000;0.123839;0.596057;15.503811;16.000000
0.700000;3.072428;9.872938;53.478477;51.572587;53.775000;83.250000;0.006232;0.002355;5.000000;0.000000;0.211911;0.560869;15.981703;16.000000
0.700000;3.402124;13.772936;48.255410;46.770527;53.775000;83.250000;0.005721;0.002976;5.000000;0.000000;0.267861;0.514924;16.351964;16.000000
0.700000;3.887377;16.936053;59.201798;49.429209;53.775000;83.250000;0.005211;0.003195;5.000000;1.000000;0.287592;0.468980;16.573902;16.000000
0.650000;4.506629;21.001695;67.008052;62.854834;53.862500;83.375000;0.004661;0.002961;5.000000;0.000000;0.266494;0.419474;16.742293;16.000000
0.650000;5.250315;23.639569;60.386028;58.909913;53.862500;83.375000;0.003931;0.002205;5.000000;0.000000;0.198437;0.353795;16.971610;16.000000
0.550000;5.967899;23.815705;56.757895;55.850441;54.037500;83.625000;0.003114;0.001065;5.000000;0.000000;0.095865;0.280217;17.169551;16.000000
0.550000;6.546082;22.036453;54.652219;54.163445;54.037500;83.625000;0.002296;0.000000;5.000000;0.000000;0.000000;0.206679;17.286931;16.000000
0.550000;6.932741;19.932801;53.394735;53.057664;54.037500;83.625000;0.001551;0.000000;5.000000;0.000000;0.000000;0.139601;17.305423;16.000000
0.550000;7.162347;18.160508;52.545752;52.328779;54.037500;83.625000;0.000938;0.000000;5.000000;0.000000;0.000000;0.084383;17.221652;16.000000
0.500000;7.267895;16.654742;52.024902;51.898458;54.125000;83.750000;0.000513;0.000000;5.000000;0.000000;0.000000;0.046149;17.035755;16.000000
0.500000;7.281986;15.364107;51.722208;51.644361;54.125000;83.750000;0.000315;0.000000;5.000000;0.000000;0.000000;0.028330;16.761318;16.000000
0.500000;7.227037;14.248031;51.487205;51.402560;54.125000;83.750000;0.000370;0.000000;5.000000;0.000000;0.000000;0.033277;16.415219;16.000000
0.400000;7.113577;13.273753;51.131122;50.973965;54.300000;84.000000;0.000691;0.000000;5.000000;0.000000;0.000000;0.062228;16.016599;16.000000
0.300000;6.956165;12.414759;62.633404;61.568160;54.475000;84.250000;0.001253;0.000000;5.000000;0.000000;0.000000;0.112789;15.606409;16.000000
0.300000;6.773221;11.650465;60.727476;60.106798;54.475000;84.250000;0.001957;0.000000;5.000000;0.000000;0.000000;0.176110;15.260280;16.000000
0.300000;6.572808;10.964907;58.503294;57.688984;54.475000;84.250000;0.002708;0.000000;5.000000;0.000000;0.000000;0.243689;15.019349;16.000000
0.300000;6.361172;10.345298;55.759176;54.806257;54.475000;84.250000;0.003431;0.000000;5.000000;0.000000;0.000000;0.308819;14.894270;16.000000
0.250000;6.139613;9.781111;52.687952;51.661021;54.562500;84.375000;0.004089;0.000000;5.000000;0.000000;0.000000;0.368012;14.865853;16.000000
0.250000;5.915750;9.263905;49.476146;48.429332;54.562500;84.375000;0.004668;0.000000;5.000000;0.000000;0.000000;0.420084;14.904490;16.000000
0.250000;5.692316;8.787095;46.262041;45.230318;54.562500;84.375000;0.005185;0.000000;5.000000;0.000000;0.000000;0.466635;14.970553;16.000000
0.250000;5.471364;8.345328;67.701277;59.525934;54.562500;84.375000;0.005641;0.000000;5.000000;1.000000;0.000000;0.507662;15.056730;16.000000
0.150000;5.247393;7.933729;63.820400;61.846031;54.737500;84.625000;0.005826;0.000000;5.000000;0.000000;0.000000;0.524322;15.307735;16.000000
0.150000;5.029372;7.548376;58.402312;56.815960;54.737500;84.625000;0.005682;0.000000;5.000000;0.000000;0.000000;0.511403;15.689556;16.000000
0.150000;4.817941;7.186523;53.949763;52.641919;54.737500;84.625000;0.005336;0.000000;5.000000;0.000000;0.000000;0.480265;16.060914;16.000000
0.150000;4.613519;6.845874;50.273886;49.191076;54.737500;84.625000;0.004899;0.000000;5.000000;0.000000;0.000000;0.440915;16.347922;16.000000
0.150000;4.416354;6.524492;52.893933;47.045539;54.737500;84.625000;0.004456;0.000000;5.000000;1.000000;0.000000;0.401072;16.523703;16.000000
0.150000;4.226563;6.220735;67.707505;63.891546;54.737500;84.625000;0.004014;0.000000;5.000000;0.000000;0.000000;0.361236;16.633612;16.000000
0.150000;4.044162;5.933191;62.510908;61.354578;54.737500;84.625000;0.003440;0.000000;5.000000;0.000000;0.000000;0.309573;16.794671;16.000000
0.150000;3.869092;5.660644;59.396319;58.523035;54.737500;84.625000;0.002780;0.000000;5.000000;0.000000;0.000000;0.250238;16.950122;16.000000
0.150000;3.701238;5.402030;57.068818;56.426216;54.737500;84.625000;0.002119;0.000000;5.000000;0.000000;0.000000;0.190722;17.043621;16.000000
0.150000;3.540443;5.156413;55.383528;54.926656;54.737500;84.625000;0.001525;0.000000;5.000000;0.000000;0.000000;0.137287;17.050614;16.000000
0.150000;3.386522;4.922963;54.201972;53.885350;54.737500;84.625000;0.001057;0.000000;5.000000;0.000000;0.000000;0.095144;16.964455;16.000000
0.150000;3.239266;4.700936;53.377718;53.151342;54.737500;84.625000;0.000761;0.000000;5.000000;0.000000;0.000000;0.068498;16.789051;16.000000
0.150000;3.098457;4.489663;52.746004;52.552972;54.737500;84.625000;0.000671;0.000000;5.000000;0.000000;0.000000;0.060371;16.536170;16.000000
0.150000;2.963866;4.288533;52.121862;51.899921;54.737500;84.625000;0.000803;0.000000;5.000000;0.000000;0.000000;0.072251;16.225143;16.000000
0.150000;2.835260;4.096991;51.313470;51.002264;54.737500;84.625000;0.001153;0.000000;5.000000;0.000000;0.000000;0.103744;15.882603;16.000000
0.100000;2.709315;4.004377;50.139695;49.649084;54.825000;84.750000;0.001699;0.000328;5.000000;0.000000;0.029518;0.152949;15.536473;16.000000
0.100000;2.643806;6.019568;60.759481;51.816030;54.825000;84.750000;0.002398;0.001698;5.000000;1.000000;0.152776;0.215782;15.220636;16.000000
0.100000;2.791919;11.250813;64.347358;61.885601;54.825000;84.750000;0.003148;0.002814;5.000000;0.000000;0.253304;0.283309;14.997284;16.000000
0.100000;3.246233;16.914356;57.954492;56.038153;54.825000;84.750000;0.003800;0.003423;5.000000;0.000000;0.308071;0.342014;14.933324;16.000000
0.150000;3.918239;20.839715;52.536855;50.956697;54.737500;84.625000;0.004337;0.003471;5.000000;0.000000;0.312353;0.390333;14.975633;16.000000
0.150000;4.668742;22.814961;49.297561;46.990565;54.737500;84.625000;0.004797;0.003030;5.000000;1.000000;0.272696;0.431694;15.054828;16.000000
0.150000;5.410628;24.321516;69.143719;62.479563;54.737500;84.625000;0.005169;0.002183;5.000000;0.000000;0.196496;0.465222;15.168161;16.000000
0.150000;6.123364;24.609076;61.233669;59.690663;54.737500;84.625000;0.005273;0.000962;5.000000;0.000000;0.086547;0.474609;15.430269;16.000000
0.100000;6.688950;22.636217;57.289724;56.204934;54.825000;84.750000;0.005132;0.000000;5.000000;0.000000;0.000000;0.461895;15.760407;16.000000
0.100000;7.057786;20.468412;54.176053;53.236286;54.825000;84.750000;0.004831;0.000000;5.000000;0.000000;0.000000;0.434834;16.071093;16.000000
0.100000;7.268404;18.638255;51.469374;50.652310;54.825000;84.750000;0.004450;0.000000;5.000000;0.000000;0.000000;0.400518;16.314505;16.000000
0.100000;7.357784;17.080179;49.113507;48.400767;54.825000;84.750000;0.004055;0.000000;5.000000;0.000000;0.000000;0.364924;16.470448;16.000000
0.100000;7.354958;15.742153;68.556030;61.160354;54.825000;84.750000;0.003683;0.000000;5.000000;1.000000;0.000000;0.331499;16.548381;16.000000
0.100000;7.282690;14.582851;63.195988;62.186266;54.825000;84.750000;0.003236;0.000000;5.000000;0.000000;0.000000;0.291273;16.652462;16.000000
0.100000;7.158803;13.569408;60.448690;59.661758;54.825000;84.750000;0.002710;0.000000;5.000000;0.000000;0.000000;0.243884;16.769944;16.000000
0.100000;6.997224;12.675654;58.298762;57.687313;54.825000;84.750000;0.002173;0.000000;5.000000;0.000000;0.000000;0.195566;16.846582;16.000000
0.000000;6.801783;11.880210;56.638651;56.168496;55.000000;85.000000;0.001697;0.000000;5.000000;0.000000;0.000000;0.152728;16.848214;16.000000
0.000000;6.588779;11.166062;55.359932;54.995212;55.000000;85.000000;0.001326;0.000000;5.000000;0.000000;0.000000;0.119357;16.773356;16.000000
-0.100000;6.357577;10.519561;54.343305;54.041783;55.175000;85.250000;0.001111;0.000000;5.000000;0.000000;0.000000;0.099958;16.616904;16.000000
-0.100000;6.120957;9.929816;53.451456;53.167136;55.175000;85.250000;0.001070;0.000000;5.000000;0.000000;0.000000;0.096337;16.397278;16.000000
-0.100000;5.882544;9.388533;52.538895;52.224016;55.175000;85.250000;0.001217;0.000000;5.000000;0.000000;0.000000;0.109504;16.131875;16.000000
-0.100000;5.645084;8.888993;51.462498;51.073348;55.175000;85.250000;0.001544;0.000000;5.000000;0.000000;0.000000;0.138920;15.843450;16.000000
-0.100000;5.410639;8.425734;50.104014;49.609016;55.175000;85.250000;0.002029;0.000000;5.000000;0.000000;0.000000;0.182608;15.557039;16.000000
-0.150000;5.177218;7.994034;48.392270;47.777459;55.262500;85.375000;0.002645;0.000000;5.000000;0.000000;0.000000;0.238070;15.291656;16.000000
-0.150000;4.949855;7.590054;68.467672;63.958766;55.262500;85.375000;0.003326;0.000000;5.000000;0.000000;0.000000;0.299348;15.088678;16.000000
-0.150000;4.729254;7.210864;62.855714;61.527766;55.262500;85.375000;0.003889;0.000000;5.000000;0.000000;0.000000;0.350039;15.053534;16.000000
-0.150000;4.515881;6.854017;58.801869;57.510278;55.262500;85.375000;0.004274;0.000000;5.000000;0.000000;0.000000;0.384690;15.158232;16.000000
-0.150000;4.310016;6.517453;54.930101;53.717824;55.262500;85.375000;0.004508;0.000000;5.000000;0.000000;0.000000;0.405713;15.327774;16.000000
-0.150000;4.111797;6.199424;51.334947;50.218241;55.262500;85.375000;0.004640;0.000000;5.000000;0.000000;0.000000;0.417573;15.501114;16.000000
-0.150000;3.921256;5.898435;48.032592;47.007641;55.262500;85.375000;0.004726;0.000000;5.000000;0.000000;0.000000;0.425306;15.637090;16.000000
-0.250000;3.731316;5.612687;66.477313;57.642670;55.437500;85.625000;0.004816;0.000000;5.000000;1.000000;0.000000;0.433477;15.716176;16.000000
-0.250000;3.549724;5.340723;65.792488;63.927616;55.437500;85.625000;0.004758;0.000000;5.000000;0.000000;0.000000;0.428246;15.876597;16.000000
-0.250000;3.376176;5.081775;60.920145;59.513015;55.437500;85.625000;0.004460;0.000000;5.000000;0.000000;0.000000;0.401400;16.142191;16.000000
-0.300000;3.206854;4.834882;56.989700;55.842391;55.525000;85.750000;0.004019;0.000000;5.000000;0.000000;0.000000;0.361738;16.401221;16.000000
-0.300000;3.045383;4.599229;53.791937;52.859665;55.525000;85.750000;0.003523;0.000000;5.000000;0.000000;0.000000;0.317085;16.595225;16.000000
-0.300000;2.891387;4.374322;51.190044;50.429206;55.525000;85.750000;0.003044;0.000000;5.000000;0.000000;0.000000;0.273971;16.698919;16.000000
-0.400000;2.737486;4.159179;49.050388;48.417700;55.700000;86.000000;0.002649;0.000000;5.000000;0.000000;0.000000;0.238369;16.701159;16.000000
-0.400000;2.591211;3.959744;69.646219;62.341106;55.700000;86.000000;0.002361;0.000082;5.000000;1.000000;0.007369;0.212502;16.626133;16.000000
-0.400000;2.502771;6.173141;64.589137;63.322549;55.700000;86.000000;0.002112;0.001550;5.000000;0.000000;0.139470;0.190108;16.555704;16.000000
-0.400000;2.642352;11.202229;60.465739;59.087716;55.700000;86.000000;0.001894;0.002756;5.000000;0.000000;0.248060;0.170490;16.489823;16.000000
-0.400000;3.067138;16.593923;56.291330;54.991202;55.700000;86.000000;0.001754;0.003488;5.000000;0.000000;0.313946;0.157819;16.393912;16.000000
-0.500000;3.703411;20.766295;52.543149;51.422916;55.875000;86.250000;0.001738;0.003686;5.000000;0.000000;0.331733;0.156458;16.245708;16.000000
-0.500000;4.444973;23.235137;49.392839;48.469964;55.875000;86.250000;0.001867;0.003378;5.000000;0.000000;0.304063;0.168068;16.053205;16.000000
-0.500000;5.185434;24.204070;60.105274;50.842441;55.875000;86.250000;0.002152;0.002656;5.000000;1.000000;0.239072;0.193685;15.826094;16.000000
-0.500000;5.885840;25.252580;68.311130;65.931197;55.875000;86.250000;0.002539;0.001579;5.000000;0.000000;0.142139;0.228466;15.620223;16.000000
-0.500000;6.511525;24.351959;64.273563;63.329362;55.875000;86.250000;0.002890;0.000212;5.000000;0.000000;0.019063;0.260108;15.522575;16.000000
-0.500000;6.950977;21.955929;61.630501;60.786592;55.875000;86.250000;0.003167;0.000000;5.000000;0.000000;0.000000;0.285013;15.516772;16.000000
-0.500000;7.210100;19.909884;59.019045;58.174755;55.875000;86.250000;0.003365;0.000000;5.000000;0.000000;0.000000;0.302819;15.568969;16.000000
-0.500000;7.330787;18.171062;56.439445;55.614644;55.875000;86.250000;0.003497;0.000000;5.000000;0.000000;0.000000;0.314688;15.646790;16.000000
-0.550000;7.342495;16.680260;53.936954;53.140971;55.962500;86.375000;0.003591;0.000000;5.000000;0.000000;0.000000;0.323160;15.719909;16.000000
-0.550000;7.275014;15.390502;51.527881;50.762570;55.962500;86.375000;0.003671;0.000000;5.000000;0.000000;0.000000;0.330430;15.772887;16.000000
-0.550000;7.148524;14.264681;49.208906;48.470541;55.962500;86.375000;0.003767;0.000000;5.000000;0.000000;0.000000;0.339060;15.793486;16.000000
-0.650000;6.971773;13.272749;46.960648;46.240541;56.137500;86.625000;0.003915;0.000000;5.000000;0.000000;0.000000;0.352347;15.768514;16.000000
-0.550000;6.771948;12.391325;70.105378;62.450992;55.962500;86.375000;0.004092;0.000000;5.000000;1.000000;0.000000;0.368288;15.735027;16.000000
-0.550000;6.550613;11.602141;65.883008;64.459422;55.962500;86.375000;0.004124;0.000000;5.000000;0.000000;0.000000;0.371155;15.823145;16.000000
-0.650000;6.308185;10.889574;61.868909;60.667614;56.137500;86.625000;0.003970;0.000000;5.000000;0.000000;0.000000;0.357259;16.006774;16.000000
-0.650000;6.058269;10.241160;58.440466;57.417051;56.137500;86.625000;0.003691;0.000000;5.000000;0.000000;0.000000;0.332180;16.204045;16.000000
-0.550000;5.812152;9.647854;55.530426;54.664026;55.962500;86.375000;0.003348;0.000000;5.000000;0.000000;0.000000;0.301284;16.367649;16.000000
-0.650000;5.558193;9.101757;53.061308;52.322587;56.137500;86.625000;0.003017;0.000000;5.000000;0.000000;0.000000;0.271548;16.456047;16.000000
-0.650000;5.306840;8.596046;50.939180;50.297636;56.137500;86.625000;0.002743;0.000000;5.000000;0.000000;0.000000;0.246834;16.468841;16.000000
-0.650000;5.059879;8.125652;49.069189;48.493772;56.137500;86.625000;0.002563;0.000000;5.000000;0.000000;0.000000;0.230642;16.408550;16.000000
-0.650000;4.818616;7.686414;68.848443;61.035339;56.137500;86.625000;0.002498;0.000000;5.000000;1.000000;0.000000;0.224839;16.290509;16.000000
-0.700000;4.580465;7.274641;66.226189;65.270938;56.225000;86.750000;0.002468;0.000000;5.000000;0.000000;0.000000;0.222139;16.198148;16.000000
-0.650000;4.353503;6.887565;63.501605;62.662456;56.137500;86.625000;0.002412;0.000000;5.000000;0.000000;0.000000;0.217081;16.160392;16.000000
-0.650000;4.134136;6.523069;61.016975;60.244031;56.137500;86.625000;0.002353;0.000000;5.000000;0.000000;0.000000;0.211810;16.138469;16.000000
-0.650000;3.922612;6.179108;58.715723;57.994790;56.137500;86.625000;0.002316;0.000000;5.000000;0.000000;0.000000;0.208464;16.109357;16.000000
-0.650000;3.719042;5.853943;56.548978;55.862824;56.137500;86.625000;0.002322;0.000000;5.000000;0.000000;0.000000;0.208985;16.060688;16.000000
-0.700000;3.519919;5.545830;54.459642;53.788651;56.225000;86.750000;0.002393;0.000000;5.000000;0.000000;0.000000;0.215393;15.984354;16.000000
-0.700000;3.329101;5.253313;52.388313;51.714225;56.225000;86.750000;0.002539;0.000000;5.000000;0.000000;0.000000;0.228504;15.885017;16.000000
-0.700000;3.146386;4.975374;50.282469;49.589649;56.225000;86.750000;0.002767;0.000000;5.000000;0.000000;0.000000;0.249026;15.766269;16.000000
-0.700000;2.971541;4.711105;48.099481;47.376131;56.225000;86.750000;0.003082;0.000000;5.000000;0.000000;0.000000;0.277365;15.632626;16.000000
-0.800000;2.797291;4.459183;62.428550;52.682454;56.400000;87.000000;0.003495;0.000000;5.000000;1.000000;0.000000;0.314542;15.482082;16.000000
-0.800000;2.631232;4.218540;69.406868;66.855122;56.400000;87.000000;0.003896;0.000000;5.000000;0.000000;0.000000;0.350612;15.406077;16.000000
-0.800000;2.499140;5.547495;63.872033;62.096903;56.400000;87.000000;0.004104;0.001263;5.000000;0.000000;0.113639;0.369390;15.497924;16.000000
-0.800000;2.556582;9.957574;58.242504;56.425656;56.400000;87.000000;0.004144;0.002584;5.000000;0.000000;0.232571;0.372965;15.671119;16.000000
-0.800000;2.884438;15.052217;52.927070;51.327758;56.400000;87.000000;0.004098;0.003498;5.000000;0.000000;0.314843;0.368778;15.834741;16.000000
-0.900000;3.426594;19.166795;48.452068;47.153428;56.575000;87.250000;0.004056;0.003929;5.000000;0.000000;0.353568;0.365024;15.928330;16.000000
-0.900000;4.096400;22.494988;66.955917;57.396476;56.575000;87.250000;0.004067;0.003877;5.000000;1.000000;0.348930;0.366003;15.947553;16.000000
-0.900000;4.905767;26.781216;68.200339;65.632443;56.575000;87.250000;0.004010;0.003262;5.000000;0.000000;0.293571;0.360897;16.013341;16.000000
-0.900000;5.789083;28.457382;62.565635;61.149704;56.575000;87.250000;0.003783;0.002087;5.000000;0.000000;0.187786;0.340432;16.173323;16.000000
-0.900000;6.572905;27.402488;59.049029;58.159896;56.575000;87.250000;0.003451;0.000552;5.000000;0.000000;0.049655;0.310610;16.341765;16.000000
-0.900000;7.141198;24.706094;56.826575;56.192878;56.575000;87.250000;0.003083;0.000000;5.000000;0.000000;0.000000;0.277482;16.468258;16.000000
-0.900000;7.492373;22.314428;54.990512;54.432046;56.575000;87.250000;0.002731;0.000000;5.000000;0.000000;0.000000;0.245765;16.532465;16.000000
-0.950000;7.672303;20.287845;53.363740;52.865206;56.662500;87.375000;0.002443;0.000000;5.000000;0.000000;0.000000;0.219879;16.524308;16.000000
-0.950000;7.724506;18.555680;51.893560;51.435894;56.662500;87.375000;0.002252;0.000000;5.000000;0.000000;0.000000;0.202699;16.449950;16.000000
-1.050000;7.672949;17.061573;59.863098;52.362789;56.837500;87.625000;0.002194;0.000000;5.000000;1.000000;0.000000;0.197426;16.310463;16.000000
-1.050000;7.549775;15.760805;67.137871;65.989626;56.837500;87.625000;0.002237;0.000000;5.000000;0.000000;0.000000;0.201359;16.156070;16.000000
-1.050000;7.373835;14.618274;64.615485;63.867677;56.837500;87.625000;0.002299;0.000000;5.000000;0.000000;0.000000;0.206880;16.050957;16.000000
-1.050000;7.159841;13.606007;62.333134;61.600812;56.837500;87.625000;0.002371;0.000000;5.000000;0.000000;0.000000;0.213348;15.979598;16.000000
-1.050000;6.919247;12.701667;60.090049;59.368025;56.837500;87.625000;0.002460;0.000000;5.000000;0.000000;0.000000;0.221378;15.923802;16.000000
-1.050000;6.660938;11.887384;57.870600;57.153447;56.837500;87.625000;0.002575;0.000000;5.000000;0.000000;0.000000;0.231730;15.871429;16.000000
-1.050000;6.391778;11.148823;55.656919;54.938569;56.837500;87.625000;0.002724;0.000000;5.000000;0.000000;0.000000;0.245202;15.814850;16.000000
-1.050000;6.117047;10.474450;53.429990;52.704290;56.837500;87.625000;0.002917;0.000000;5.000000;0.000000;0.000000;0.262574;15.749603;16.000000
-1.050000;5.840774;9.854958;51.171485;50.432809;56.837500;87.625000;0.003162;0.000000;5.000000;0.000000;0.000000;0.284592;15.673226;16.000000
-0.950000;5.573036;9.283309;48.867769;48.113207;56.662500;87.375000;0.003457;0.000000;5.000000;0.000000;0.000000;0.311125;15.591193;16.000000
-0.900000;5.311770;8.753945;61.265436;51.601974;56.575000;87.250000;0.003813;0.000000;5.000000;1.000000;0.000000;0.343135;15.498204;16.000000
-0.800000;5.061903;8.262293;69.396006;66.636464;56.400000;87.000000;0.004134;0.000000;5.000000;0.000000;0.000000;0.372059;15.472542;16.000000
-0.900000;4.809954;7.803761;64.172343;62.742106;56.575000;87.250000;0.004256;0.000000;5.000000;0.000000;0.000000;0.383052;15.599889;16.000000
-0.900000;4.564932;7.374154;60.023787;58.765291;56.575000;87.250000;0.004194;0.000000;5.000000;0.000000;0.000000;0.377446;15.805812;16.000000
-0.800000;4.334523;6.970999;56.398658;55.305633;56.400000;87.000000;0.004008;0.000000;5.000000;0.000000;0.000000;0.360708;16.016316;16.000000
-0.800000;4.111293;6.592132;53.254340;52.305531;56.400000;87.000000;0.003774;0.000000;5.000000;0.000000;0.000000;0.339631;16.176259;16.000000
-0.800000;3.895629;6.235226;50.512926;49.680392;56.400000;87.000000;0.003551;0.000000;5.000000;0.000000;0.000000;0.319562;16.263750;16.000000
-0.800000;3.687750;5.898316;53.682256;48.020818;56.400000;87.000000;0.003387;0.000000;5.000000;1.000000;0.000000;0.304862;16.273313;16.000000
-0.800000;3.487746;5.579728;70.099786;66.205558;56.400000;87.000000;0.003273;0.000000;5.000000;0.000000;0.000000;0.294592;16.247418;16.000000
-0.800000;3.295609;5.278024;65.111023;63.994418;56.400000;87.000000;0.003075;0.000000;5.000000;0.000000;0.000000;0.276786;16.293087;16.000000
-0.800000;3.111257;4.991958;61.942092;60.998695;56.400000;87.000000;0.002804;0.000000;5.000000;0.000000;0.000000;0.252390;16.371076;16.000000
-0.800000;2.934551;4.720439;59.261201;58.462894;56.400000;87.000000;0.002514;0.000000;5.000000;0.000000;0.000000;0.226287;16.430289;16.000000
-0.800000;2.765316;4.462505;56.984009;56.301449;56.400000;87.000000;0.002254;0.000000;5.000000;0.000000;0.000000;0.202895;16.443534;16.000000
-0.800000;2.603344;4.217299;55.013900;54.414120;56.400000;87.000000;0.002066;0.000000;5.000000;0.000000;0.000000;0.185898;16.400191;16.000000
-0.800000;2.448411;3.984053;53.245620;52.693646;56.400000;87.000000;0.001979;0.000000;5.000000;0.000000;0.000000;0.178114;16.300621;16.000000
-0.800000;2.303719;4.150333;51.501918;50.838064;56.400000;87.000000;0.002016;0.000729;5.000000;0.000000;0.065567;0.181443;16.152308;16.000000
-0.800000;2.262636;7.125855;48.897377;47.899046;56.400000;87.000000;0.002189;0.002292;5.000000;0.000000;0.206284;0.197043;15.965461;16.000000
-0.800000;2.451986;12.037862;64.467075;54.498805;56.400000;87.000000;0.002507;0.003562;5.000000;1.000000;0.320569;0.225673;15.749629;16.000000
-0.800000;2.973324;19.635348;68.736607;65.381142;56.400000;87.000000;0.002889;0.004271;5.000000;0.000000;0.384416;0.260036;15.578471;16.000000
-0.800000;3.831282;25.600221;61.602074;59.701327;56.400000;87.000000;0.003207;0.004217;5.000000;0.000000;0.379500;0.288641;15.521393;16.000000
-0.800000;4.819717;28.325219;56.527493;55.122799;56.400000;87.000000;0.003464;0.003494;5.000000;0.000000;0.314500;0.311787;15.528871;16.000000
-0.800000;5.762882;28.629627;52.813194;51.792146;56.400000;87.000000;0.003692;0.002280;5.000000;0.000000;0.205165;0.332292;15.553290;16.000000
-0.800000;6.551619;27.185921;50.122913;49.387032;56.400000;87.000000;0.003919;0.000751;5.000000;0.000000;0.067632;0.352710;15.568055;16.000000
-0.800000;7.120751;24.573539;68.946058;65.130720;56.400000;87.000000;0.004131;0.000000;5.000000;0.000000;0.000000;0.371770;15.590723;16.000000
-0.800000;7.474540;22.197487;63.996026;62.851419;56.400000;87.000000;0.004169;0.000000;5.000000;0.000000;0.000000;0.375233;15.730455;16.000000
-0.800000;7.661093;20.185019;60.667801;59.653602;56.400000;87.000000;0.004032;0.000000;5.000000;0.000000;0.000000;0.362852;15.938191;16.000000
-0.800000;7.719844;18.465933;57.731839;56.842235;56.400000;87.000000;0.003781;0.000000;5.000000;0.000000;0.000000;0.340298;16.142378;16.000000
-0.800000;7.681741;16.984503;55.164039;54.387154;56.400000;87.000000;0.003480;0.000000;5.000000;0.000000;0.000000;0.313162;16.300548;16.000000
-0.800000;7.571035;15.696448;52.918099;52.236358;56.400000;87.000000;0.003182;0.000000;5.000000;0.000000;0.000000;0.286407;16.392003;16.000000
-0.800000;7.406700;14.566534;50.934162;50.326608;56.400000;87.000000;0.002935;0.000000;5.000000;0.000000;0.000000;0.264185;16.410581;16.000000
-0.800000;7.203550;13.566690;52.853441;48.878722;56.400000;87.000000;0.002776;0.000000;5.000000;1.000000;0.000000;0.249802;16.359227;16.000000
-0.800000;6.973119;12.674507;68.561515;66.060011;56.400000;87.000000;0.002695;0.000000;5.000000;0.000000;0.000000;0.242516;16.274708;16.000000
-0.800000;6.724362;11.872062;64.961744;64.085992;56.400000;87.000000;0.002587;0.000000;5.000000;0.000000;0.000000;0.232815;16.244135;16.000000
-0.800000;6.464205;11.144985;62.409666;61.627759;56.400000;87.000000;0.002453;0.000000;5.000000;0.000000;0.000000;0.220800;16.242899;16.000000
-0.800000;6.197972;10.481719;60.119022;59.413776;56.400000;87.000000;0.002326;0.000000;5.000000;0.000000;0.000000;0.209320;16.237036;16.000000
-0.800000;5.929736;9.872941;58.036839;57.389400;56.400000;87.000000;0.002234;0.000000;5.000000;0.000000;0.000000;0.201051;16.207399;16.000000
-0.800000;5.662584;9.311101;56.100148;55.488863;56.400000;87.000000;0.002203;0.000000;5.000000;0.000000;0.000000;0.198240;16.145836;16.000000